분야,헤드라인,신문사,뉴스url,본문요약,keyword,총 댓글수,긍정적 댓글비율(%)
정치,"文대통령 당선 일등공신 '광흥창팀', 시련의 겨울",조선일보,https://news.naver.com/main/ranking/read.nhn?rankingType=popular_day&oid=023&aid=0003490480&date=20191201&type=1&rankingSectionId=100&rankingSeq=1,"[""광흥창 팀 주요 멤버들. 상단 왼쪽부터 시계방향으로 임종 석 전 청와대 비서실장, 양정 철 민주 연구원장, 윤 건영 청와대 국정상황실장. 탁 현 민 대통령 행사기획 자문위원, 한 병도 전 청와대 정무수석, 송인 배 전 제 1 부 속비서관. 광흥창 팀 주요 멤버들. 상단 왼쪽부터 시계방향으로 임종 석 전 청와대 비서실장, 양정 철 민주 연구원장, 윤 건영 청와대 국정상황실장. 탁 현 민 대통령 행사기획 자문위원, 한 병도 전 청와대 정무수석, 송인 배 전 제 1 부 속비서관. 광흥창 팀 멤버 현황 광흥창 팀 멤버 현황 문 재인 정권 창출의 일등 공신( 功臣) 그룹인 ' 마포 광흥창 팀' 출신 인사들이 문 대통령 임기 반환점을 돌면서 시련을 맞고 있다."", '정권 출범과 함께 청와대와 완전히 거리를 둔 이는 양 정철 전 청와대 홍보기획비서관( 현 민주당 민주 연구원장) 한명뿐이었다.', '지난 1월 임종 석 전 실장이 청와대를 떠난 전후 5명( 한 병도· 송인 배· 조한 기· 김종 천· 탁 현 민) 도 함께 청와대를 나섰다.']",['실장'],2071,22.549492998551422
정치,"“탈북민 10여명 베트남 당국에 체포, 中 추방…韓대사관 도움 안줘”",서울신문,https://news.naver.com/main/ranking/read.nhn?rankingType=popular_day&oid=081&aid=0003047682&date=20191201&type=1&rankingSectionId=100&rankingSeq=2,"['2012.03.04 연합 뉴스 탈북 민 10여명 베트남서 체포 - 한국으로 오려 던 것으로 보이는 탈북 민 10 여 명이 29일 베트남 당국에 체포된 것으로 알려 졌다.', '30일 정부 당국에 따르면 이들은 전날 오전 베트남 중 북부의 라오스 접경 지역에서 국경경비를 책임지는 현지 당국에 적발된 것으로 전해 졌다.', '연합 뉴스 탈북 민 10여명 베트남서 체포 - 한국으로 오려 던 것으로 보이는 탈북 민 10 여 명이 29일 베트남 당국에 체포된 것으로 알려 졌다.']",['중국'],2072,24.276061776061773
정치,"“韓 대사관, 기다리라더니…” 탈북민 10명 베트남서 체포돼 추방",국민일보,https://news.naver.com/main/ranking/read.nhn?rankingType=popular_day&oid=005&aid=0001264182&date=20191201&type=1&rankingSectionId=100&rankingSeq=3,"['뉴 시스 한국으로 오려 던 탈북 민 10명이 베트남 당국에 체포돼 중국으로 추방된 것으로 전해 졌다.', '정 대표는 베트남 주재 한국 대사관에 도움을 요청했지만 아무런 조치를 취하지 않았다고 주장했다.', '정부 당국과 VOA 등에 따르면 탈북 민 10명은 지난달 28일 오전 베트남 중 북부의 라오스 접경 지역에서 국경경비를 책임지는 현지 당국에 체포돼 조사를 받다 중국으로 추방된 것으로 전해 졌다.']",['탈북'],2185,23.020594965675055
정치,여야 ‘민식이법 눈물’에 화들짝…  한국당 원인 제공 목소리,국민일보,https://news.naver.com/main/ranking/read.nhn?rankingType=popular_day&oid=005&aid=0001264322&date=20191201&type=1&rankingSectionId=100&rankingSeq=4,"['김지 훈 기자 이인영 더불어 민주당 원내 대표가 1일 국회 기자 간담회에서 “ 자유 한국당이 민생을 볼모로 국회를 완전 봉쇄했다 ”며 비난하고 있다( 왼쪽 사진). 나 경원 한국 당 원내 대표는 맞불 간담회에서 “ 민주당이 필 리 버스터를 원천 봉쇄하려고 아예 국회 자체를 봉쇄했다” 고 주장했다( 가운데 사진). 오신 환 바른 미래 당 원내 대표는 민주당과 한국 당의 중재자 역할을 자임했지만 이날 바른 미래 당 윤리 위원회가 해당 행위를 이유로 그에 대한 당원권 1년 정지 징계 결정을 내려 원내 대표 직을 수행할 수 없다는 논란에 휩싸였다.', '이인 영 더불어 민주당 원내 대표는 오전 국회 기자 간담회에서 “ 민 식이 법이 왜 필리 버스터 대상이 되는지 이해할 수 없다 ”며 “ 한국당이 민 식이 법을 먼저 처리 하자고 했다는 데 명백한 거짓말” 이라고 한국당을 몰아세웠다.', '나 원내 대표는 “ 국회 본회의에서 민 식이 법을 통과시키지 못하게 한 것은 여당” 이라며 “ 민 식이 법과 민생 법안은 안중에도 없는 여당” 이라고 주장했다.']",['한국'],2454,20.945395273023635
정치,"샘 해밍턴의 금강산 방문…빗장 연 北, 의도는",SBS,https://news.naver.com/main/ranking/read.nhn?rankingType=popular_day&oid=055&aid=0000775683&date=20191201&type=2&rankingSectionId=100&rankingSeq=5,"['동영상 뉴스 [ https: //news .sbs .co .kr /n/ ?id =N1005544997 ] 김 정은 위원장이 금강산에 지어 놓은 남쪽 시설들 철거 하라고 지시하기 직전에 샘 해 밍 턴 씨를 포함해서 우리나라에서 활동하는 외국인 방송인들이 금강산에 다녀왔습니다.', '와! 이런 깨끗한 물은 거의 본 적이 없는 것 같아.] 옥류 동 계곡과 구룡폭포까지 둘러본 뒤의 소감입니다.', '[ 샘 해 밍 턴 : 남쪽에서 금강산. 금강산 노래 부르는 이유가 뭔지 알 것 같아요.]']",['금강산'],1198,21.368948247078464
정치,단식 끝내고 돌아온 황교안…'진짜 시험대' 올랐다,한국경제,https://news.naver.com/main/ranking/read.nhn?rankingType=popular_day&oid=015&aid=0004250438&date=20191201&type=1&rankingSectionId=100&rankingSeq=6,"['8일 간의 단식투쟁을 마치고 입원 중인 황 교 안 자유 한국 당 대표( 사진) 가 이번 주부터 당무 일선에 복귀한다.1', '황 대표는 이번 단식을 통해 당내 불거졌던 ‘ 리더십 논란’ 을 불식시키는 데 성공했다는 게 당 안팎의 평가다.', '한 한국 당 의원은 “ 이전까지 당내에선 총선을 황 대표 체제로 치를 수 있겠느냐']",['대표'],1200,29.916666666666668
정치,"10cm 물체도 구별하는 美U-2S, 어제 15㎞ 상공서 北 훑었다",중앙일보,https://news.naver.com/main/ranking/read.nhn?rankingType=popular_day&oid=025&aid=0002957005&date=20191201&type=1&rankingSectionId=100&rankingSeq=7,"['U-2S 드래곤 레이디 [ 사진 미 공군] U-2S 드래곤 레이디 [ 사진 미 공군] 북한이 초대형 방사 포를 시험 발사한 지 이틀 만에 미국이 전략 정찰기 U-2S를 한반도에 띄웠다.', '최근 나흘 동안 종류를 달리하는 4가지 미 핵심 정찰기를 한반도 상공에 잇따라 출격시키면서 북한을 감시하고 경고 메시지도 전하는 것으로 풀이 된다.1', ""또 방사 포 시험 발사 이후 U-2S가 등장했다는 점에서 미국이 북한의 또 다른 군사적 ' 특이 동향' 을 감지했을 가능성도 제기된다.""]",['정찰기'],469,35.60767590618337
정치,"황교안 이어 단식中 신보라 ""필리버스터서 민식이법 당연히...""",이데일리,https://news.naver.com/main/ranking/read.nhn?rankingType=popular_day&oid=018&aid=0004528425&date=20191201&type=1&rankingSectionId=100&rankingSeq=8,"['자유 한국당 정미 경( 왼쪽)· 신보라 최고위원이 지난달 29일 오전 청와대 앞 황 교 안 대표 단식 농성장에서 동조 단식을 하고 있다 ( 사진= 연합 뉴스) [ 이 데일리 박 지혜 기자] 자유 한국 당의 황 교 안 대표에 이어 공수 처 법과 연동형 비례제 선거법 철회를 요구하며 단식에 들어간 신보라 최고위원은 “ 필리 버스터에서 민 식이 법, 청년 기본법 등은 당연히 예외 ”라고 밝혔다.', '국회의장께서 이 법안들을 가장 먼저 1번 안건으로 우선 상정해 달라. 우선 상정해서 곧바로 처리하면 된다.', '불법 패스트 트랙을 철회하고, 터져 나오는 친문( 친문 재인) 게이트 국정조사를 수용하면 된다” 고 강조했다.']",['버스터'],1115,20.986547085201792
정치,"[속보] 나경원 “민식이법, 필리버스터 신청한 적 없어”",세계일보,https://news.naver.com/main/ranking/read.nhn?rankingType=popular_day&oid=022&aid=0003418508&date=20191201&type=1&rankingSectionId=100&rankingSeq=9,"['뉴스 1 자유 한국 당의 나 경원 원내 대표가 “ 민 식이 법을 필리 버스터에 신청한 적이 없다” 고 1일 반박했다.', '나 원내 대표는 이날 오후 2시 30분 쯤 자유 한국 당 원내 대표 회의실에서 기자회견을 열고 “ 민 식이 법을 필리 버스터에 신청한 적 없다” 라며 “ 더 불어 민주당 이인영 원내 대표의 주장은 거짓이며 적반하장” 이라고 해명했다.', '앞서 더불어 민주당 이인영 원내 대표는 이날 오전 11시 기자회견을 열고 “ 민 식이 법이 왜 필리 버스터 대상인지 이해 못한다” 라며 한국당이 민 식이 법을 포함한 198개 법안에 대해 필리 버스터를 신청한 것을 두고 비판했다.']",['한국'],3085,22.755267423014587
정치,"""살인자들"" ""말 함부로 하지마"" 이재정·나경원 과거사법 충돌",중앙일보,https://news.naver.com/main/ranking/read.nhn?rankingType=popular_day&oid=025&aid=0002956915&date=20191201&type=2&rankingSectionId=100&rankingSeq=10,"[""11월 29일 서울 여의도 국회 로 텐 더 홀 주변에서 과거 사법 처리를 촉구하며 피켓시위를 하던 이재 정 더불어 민주당 의원이 나 경원 자유 한국 당 원내 대표와 정 양석 원내수석 부대표 등이 지나가자 '20 대 국회 이대로 살인자가 되겠습니까"", ""[ 뉴스 1] 11월 29일 서울 여의도 국회 로 텐 더 홀 주변에서 과거 사법 처리를 촉구하며 피켓시위를 하던 이재 정 더불어 민주당 의원이 나 경원 자유 한국 당 원내 대표와 정 양석 원내수석 부대표 등이 지나가자 '20 대 국회 이대로 살인자가 되겠습니까"", '이때 국회 로 텐 더 홀에서 과거 사법 처리를 촉구하며 피켓시위를 하던 이 의원이 나 원내 대표를 향해 “20 대 국회 이대로 살인자가 되겠습니까']",['과거'],1586,22.194199243379572
정치,"김의겸 ""흑석동 집 팔겠다…매각 차액은 전액기부""",연합뉴스,https://news.naver.com/main/ranking/read.nhn?rankingType=popular_day&oid=001&aid=0011248408&date=20191201&type=1&rankingSectionId=100&rankingSeq=11,"['청와대 김의 겸 대변인이 2019년 3월 8일 오전 춘추관 대 브리핑 룸에서 7개 부처 장관을 교체하는 문 재인 대통령의 인사 발표를 하고 있다.', '[ 연합 뉴스 자료사진] 청와대 김의 겸 대변인이 2019년 3월 8일 오전 춘추관 대 브리핑 룸에서 7개 부처 장관을 교체하는 문 재인 대통령의 인사 발표를 하고 있다.', '[ 연합 뉴스 자료사진] 김의 겸 전 대변인 페이스 북 캡 처 김의 겸 전 대변인 페이스 북 캡 처 "" 야당· 보수언론 부동산 정책 신뢰도 떨어뜨리는 데 먹잇감돼"""" 정책 걸림돌 돼 선 안되기에 결심… 무주택자로 돌아간다""""\' 아내 탓\' 비판 아팠지만 거짓말 아냐… 송금 당시 모스크 바 行 비행기 안이었다""( 서울= 연합 뉴스) 임 형섭 기자 = 김의 겸 전 청와대 대변인은 1일 "" 청와대 대변인 시절 매입해 물의를 일으킨 흑석동의 집을 판다 ""며 "" 매 각 뒤 남은 차액에 대해서는 전액 기부하고 내역을 공개하겠다"" 고 밝혔다.']",['대변인'],1760,25.113636363636367
정치,"‘우리가 황교안’ 신보라·정미경, 黃 만류에도 “단식 투쟁 계속”",서울신문,https://news.naver.com/main/ranking/read.nhn?rankingType=popular_day&oid=081&aid=0003047680&date=20191201&type=1&rankingSectionId=100&rankingSeq=12,"['2019.11.30 연합 뉴스 ‘ 동 조 단식’ 정미 경? 신 보라에 중단 권유 - 자유 한국 당 박 맹우 사무총장이 30일 오전 청와대 앞에서 단식 중인 정미 경? 신 보라 최고위원에게 ‘ 황 교 안 대표의 단식 중단 요청’ 을 전달하고 있다.', '2019.11.30 연합 뉴스 ‘ 동 조 단식’ 정미 경? 신 보라에 중단 권유 - 자유 한국 당 박 맹우 사무총장이 30일 오전 청와대 앞에서 단식 중인 정미 경? 신 보라 최고위원에게 ‘ 황 교 안 대표의 단식 중단 요청’ 을 전달하고 있다.', '2019.11.30 연합 뉴스 ‘ 동 조 단식’ 정미 경? 신 보라에 중단 권유 - 자유 한국 당 박 맹우 사무총장이 30일 오전 청와대 앞에서 단식 중인 정미 경? 신 보라 최고위원에게 ‘ 황 교 안 대표의 단식 중단 요청’ 을 전달하고 있다.']",['단식'],1712,25.292056074766357
정치,단식 중단 나흘만에 황교안 2일 복귀…긴박한 정국 풀어낼까,중앙일보,https://news.naver.com/main/ranking/read.nhn?rankingType=popular_day&oid=025&aid=0002956946&date=20191201&type=1&rankingSectionId=100&rankingSeq=13,"['황 교 안 자유 한국 당 대표가 21일 청와대 앞 분수대 광장에서 최고위원회의를 마친 뒤 단식 농성을 하고 있다.', '임 현동 기자 /20191121 황 교 안 자유 한국 당 대표가 21일 청와대 앞 분수대 광장에서 최고위원회의를 마친 뒤 단식 농성을 하고 있다.', '임 현동 기자 /20191121 황 교 안 자유 한국 당 대표가 2일 최고위원회의를 시작으로 당무에 복귀한다.']",['대표'],832,30.76923076923077
정치,"[속보] 바른미래당, 오신환·유승민 당원권 1년 정지",서울신문,https://news.naver.com/main/ranking/read.nhn?rankingType=popular_day&oid=081&aid=0003047806&date=20191201&type=1&rankingSectionId=100&rankingSeq=14,"['오신 환 바른 미래 당 원내 대표가 1일 오전 서울 여의도 국회에서 기자 간담회를 갖고 있다.', '2019.12.1 뉴스 1 오신 환 바른 미래 당 원내 대표가 1일 오전 서울 여의도 국회에서 기자 간담회를 갖고 있다.', '‘ 원내 대표 지위는 당 원권과 상관없다’ 는 입장이다.']",['윤리'],528,22.727272727272727
정치,황운하 내년 총선 출마 사실상 좌절… “헌법소원 제기하겠다”,세계일보,https://news.naver.com/main/ranking/read.nhn?rankingType=popular_day&oid=022&aid=0003418495&date=20191201&type=1&rankingSectionId=100&rankingSeq=15,"['뉴스 1 김 기현 전 울산시장 측근 수사로 선거 개입 의혹이 일고 있는 황 운하 대전지방 경찰청장( 전 울산 경찰청장) 이 연일 사회관계 망서비스 (SNS )를 통해 제기된 의혹에 일일이 대응하며 정치권과 검찰에 맹공을 퍼붓고 있다.', '일부 언론에서 제기한 김 기현 전 시장을 둘러싼 경찰 수사 경위도 다시 한 번 조목조목 설명했다.', '황 청장은 하루 전 일부 언론에서 제기한 이른바 ‘ 장어 집 회동’ 의혹에 대해서도 지난달 30 일 페이스 북을 통해 이를 강력히 부인했다.']",['검찰'],995,26.834170854271356
정치,"[비하인드 뉴스] ""EBS 수신료 늘려달라"" 청원…'10살 가장' 펭수",JTBC,https://news.naver.com/main/ranking/read.nhn?rankingType=popular_day&oid=437&aid=0000225478&date=20191201&type=2&rankingSectionId=100&rankingSeq=16,"['', '일각에서는 다음 주에 본회의가 열린다면 민 식이 법 같은 비 쟁점 법안만 원 포인트로 처리 하자라는 방안도 거론이 되고는 했지만 여야의 불신과 간극이 워낙 크기 때문에 가능성이 높아 보이지는 않습니다.', '제가 생각했을 때는 사장님도 능력이 있지만, 그걸 이뤄 내는 건 펭 수입니다.']",['한국'],209,23.444976076555022
정치,김의겸 “흑석동 집 판다”…박지원 “장하다. 존경한다”,서울신문,https://news.naver.com/main/ranking/read.nhn?rankingType=popular_day&oid=081&aid=0003047739&date=20191201&type=1&rankingSectionId=100&rankingSeq=17,"['김의 겸 전 청와대 대변인. 서울신문 DB 김의 겸 전 청와대 대변인. 서울신문 DB 박지원 대안 신당 의원. 서울신문 DB 박지원 대안 신당 의원. 서울신문 DB [ 서울신문] 김의 겸 전 청와대 대변인이 1일 청와대 대변인 시절 매입해 물의를 일으킨 서울 흑석동 집을 매각할 계획이라고 밝힌 가운데 박지원 대안 신당 의원이 “ 존경한다” 는 입장을 밝혔다.', '김 전 대변인은 이날 페이스 북에 글을 올려 “ 청와대 대변인 시절 매입해 물의를 일으킨 흑석동의 집을 판다 ”며 “ 매 각 뒤 남은 차액에 대해서는 전액 기부하고 내역을 공개하겠다” 고 밝혔다.', '앞서 김 전 대변인은 지난해 7월 흑석동 상가 건물을 25억 7000만원에 매입했으며 이 사실이 올해 3월 알려 지며 투기 논란이 일자 청와대 대변인에서 사퇴했다.']",['대변인'],837,22.70011947431302
정치,'필리버스터 돌파구' 모색하는 與…'4+1 공조' 힘 받을까,뉴스1,https://news.naver.com/main/ranking/read.nhn?rankingType=popular_day&oid=421&aid=0004334804&date=20191201&type=1&rankingSectionId=100&rankingSeq=18,"['이해 찬 더불어 민주당 대표와 이인영 원내 대표를 비롯한 의원들이 29일 서울 여의도 국회 로 텐 더 홀에서 민생파괴! 국회파괴! 자유 한국 당 규탄대회를 열고 구호를 외치고 있다.', '2019.11.29/ 뉴스 1 © News1 이종덕 기자 이해 찬 더불어 민주당 대표와 이인영 원내 대표를 비롯한 의원들이 29일 서울 여의도 국회 로 텐 더 홀에서 민생파괴! 국회파괴! 자유 한국 당 규탄대회를 열고 구호를 외치고 있다.', ""패스트 트랙 협상에서 교섭단체 간 '3 +3', 여야 5 당 대표 간 ' 정치협상회의 '를 통해 한국 당과의 연결고리를 놓지 않으려 한 민주당이었지만, 전날 한국당이 민생 법안까지 겨냥한 필리 버스터를 신청하면서 ' 한국당 배제' 카드를 다시 만지작거리고 있다.4""]",['민주당'],891,25.140291806958476
정치,[속보] 이인영 “민식이법이 왜 필리버스터 대상인지 이해 못해”,세계일보,https://news.naver.com/main/ranking/read.nhn?rankingType=popular_day&oid=022&aid=0003418480&date=20191201&type=1&rankingSectionId=100&rankingSeq=19,"['더불어 민주당 이인영 원내 대표가 1일 오전 서울 여의도 국회에서 기자 간담회를 갖고 있다.', '뉴스 1 더 불어 민주당 이인영 원내 대표가 자유 한국당이 민 식이 법이 포함된 198개 법안에 대해 필리 버스터를 신청한 것에 대해 “ 민 식이 법이 왜 필리 버스터 대상인지 이해 못한다 ”라고 말했다.', '이 원내 대표는 1일 오전 11시 민주당 원내 대표 회의실에서 기자 간담회를 열고 “ 한국 당의 필리 버스터는 우리 국회를 봉쇄됐다 ”며 “ 한국당의 근본 없는 정치 행태가 만천하에 드러냈다” 라며 이같이 밝혔다.']",['민주당'],2936,21.696185286103542
정치,[속보] 靑 민정비서관실 행정관 출신 검찰수사관 숨진채 발견,헤럴드경제,https://news.naver.com/main/ranking/read.nhn?rankingType=popular_day&oid=016&aid=0001608714&date=20191201&type=1&rankingSectionId=100&rankingSeq=20,"['[ 연합] [ 연합] [ 헤럴드 경제] 백 원우 전 청와대 민정비서관 휘하에서 근무한 특감 반원( 현 검찰 수사관) 이 사망한 상태로 발견됐다.1', '이번 의혹과 관련해 한 차례 조사를 받았던', 'A 씨는 전날도 검찰 조사가 예정돼 있었지만 불응한 것으로 알려 졌다.onlinenews']",['원우'],1335,26.96629213483146
정치,필리버스터에 또 소환된 ‘조스트라다무스’…“이런 경험 소중”,중앙일보,https://news.naver.com/main/ranking/read.nhn?rankingType=popular_day&oid=025&aid=0002956988&date=20191201&type=1&rankingSectionId=100&rankingSeq=21,"['민경 욱 자유 한국 당 의원이 1일 자신의 페이스 북에 조국 전 법무부 장관의 과거 페이스 북 글을 캡처해 올렸다.', '민경 욱 자유 한국 당 의원이 1일 자신의 페이스 북에 조국 전 법무부 장관의 과거 페이스 북 글을 캡처해 올렸다.', '민주당은 “ 민생파괴‧ 국회파괴 정당” 이라고 했고, 문희 상 국회의장은 의결 정족수가 돼야 한다는 이유로 본회의 개의를 하지 않았다.']",['버스터'],321,40.49844236760124
정치,"국정원 ""'김정은 숙부' 김평일 북한으로 귀국""",MBC,https://news.naver.com/main/ranking/read.nhn?rankingType=popular_day&oid=214&aid=0000997458&date=20191201&type=1&rankingSectionId=100&rankingSeq=22,"['북한 김 정은 국무위원장의 숙부인 김 평일 주체 코 북한대사가 귀국한 것으로 알려 졌습니다.', '서훈 국정원장은 어제 국회 정보 위 전체 회의에 출석해 김 대사 최근 북한으로 귀국한 것으로 안다고 말했습니다.', '김 대사는 김정일 국방위원장의 이복 동생으로 지난 1988년 헝가리 대사로 발령 난 이후 줄곧 해외를 떠돌며 북한 권력 핵심부에서 배제됐다는 평가를 받아 왔습니다.']",['대사'],119,19.327731092436977
정치,국정원 “김정은 숙부 김평일 주체코 대사 북한으로 귀국”,국민일보,https://news.naver.com/main/ranking/read.nhn?rankingType=popular_day&oid=005&aid=0001264185&date=20191201&type=1&rankingSectionId=100&rankingSeq=23,"['복수의 국회 정보위원들에 따르면 서훈 국가정보 원장은 전날 정보 위 전체 회의에 출석해 김 평일 대사가 최근 북한에 입국한 사실을 확인했다고 밝혔다.', '앞서 국가 정보원은 지난 4일 국회 정보위원회 국정감사에서 “ 김 평일 대사가 조만간 교체돼 귀국할 것으로 보인다” 고 보고 했었다.', '년 김정일이 공식 후계자로 내정된 뒤 권력에서 밀려난 김 대사는 1988년 헝가리 대사로 발령 난 후 줄곧 외국으로 떠돌며 생활해야 했다.']",['대사'],106,32.075471698113205
정치,"박지원, ""흑석동 집 팔겠다""는 김의겸에 ""존경한다""",이데일리,https://news.naver.com/main/ranking/read.nhn?rankingType=popular_day&oid=018&aid=0004528548&date=20191201&type=1&rankingSectionId=100&rankingSeq=24,"['김의 겸 전 청와대 대변인 ( 사진= 뉴 시스) [ 이 데일리 박 지혜 기자] 박지원 대안 신당 의원은 부동산 투기 논란이 됐던 서울 흑석동 상가 주택을 매각하겠다고', '앞서 김 전 대변인은 페이스 북을 통해 “ 청와대 대변인 시절 매입해 물의를 일으킨 흑석동의 집을 판다 ”며 “ 매 각 뒤 남은 차액에 대해서는 전액 기부하고 내역을 공개하겠다” 고 밝혔다.', '올해 3월 김 전 대변인은 지난해 7월 흑석동 상가 건물을 25억 7000만원에 매입한 사실이 알려 지며 투기 논란이 일자 청와대 대변인에서 사퇴했다.']",['대변인'],1664,23.016826923076923
정치,"해리스 美대사 ""文대통령, 종북좌파에 둘러싸여 있냐"" 발언 논란",TV조선,https://news.naver.com/main/ranking/read.nhn?rankingType=popular_day&oid=448&aid=0000287257&date=20191201&type=2&rankingSectionId=100&rankingSeq=25,"['[ 앵커] 해 리 해리스 주한 미국 대사가 "" 문 재인 대통령이 종 북 좌파에 둘러싸여 있다"" 고 말한 사실이 알려 져 논란입니다.', '해 군 4 성 장군 출신인 해리스 대사의 직설적 발언들이 자주 전해 지면서 여당 대변인은 "" 오만 하다"" 고 했었지만, 그만큼 미국이 우리 외교에 갖는 불만이 크다는 의미로도 볼 수도 있습니다.이 정연 기자입니다.', '']",['대사'],1486,26.312247644683715
정치,"나경원 ""본회의 열어 민식이법 처리…필리버스터 보장하라""(종합)",연합뉴스,https://news.naver.com/main/ranking/read.nhn?rankingType=popular_day&oid=001&aid=0011248957&date=20191201&type=1&rankingSectionId=100&rankingSeq=26,"['2019.12.1 toadboy@yna .co .kr "" 與, 소수당의 합법적 저항수단 봉쇄… 폭거· 정치 테러 사과해야"""" 민 식이 법 필리 버스터 신청 안했다""… 吳 \' 끝 장토론\' 제안엔 "" 적극 수용""( 서울= 연합 뉴스) 홍 정규 이은 정 기자 = 자유 한국 당 나 경원 원내 대표는 1일 당장에 라도 국회 본회의를 열어 \' 민 식이 법\' 을 비롯한 민생 법안을 처리 하자고 더불어 민주당에 제안했다.', '나 경원 원내 대표는 이날 국회에서 기자 간담회를 열어 민주당을 향해 "" 정말 민 식이 법, 민생 법안이 시급하다고', '나 원내 대표는 "" 민 식이 법을 국회 본회의에서 통과시키지 못하게 한 건 바로 여당이다.']",['본회의'],1113,21.293800539083556
정치,"박지원, 상가 팔겠다는 김의겸에 ""누가 그에게 돌을 던지랴""",경향신문,https://news.naver.com/main/ranking/read.nhn?rankingType=popular_day&oid=032&aid=0002978002&date=20191201&type=1&rankingSectionId=100&rankingSeq=27,"['박 의원은 1 일 페이스 북에 “ 역시 제가 아는 김의 겸 전 청와대 대변인이다.', '', '그는 “ 조용히 팔아 보려 했으나 여의치 않은데 다 오해를 낳을 수 있어 공개로 전환하는 것” 이라고 설명했다.']",['흑석동'],656,23.628048780487802
정치,'민식이 엄마' 눈물 흘리자…여야 모두 '네탓'만 주고받았다,중앙일보,https://news.naver.com/main/ranking/read.nhn?rankingType=popular_day&oid=025&aid=0002956865&date=20191201&type=1&rankingSectionId=100&rankingSeq=28,"['[ 연합 뉴스] 나 경원 자유 한국 당 원내 대표와 의원들이 29일 오후 국회 본회의장에서 구호를 외치고 있다.', '임 현동 기자 나 경원 자유 한국 당 원내 대표는 30일 "" 어린이 안전 법안 등 각종 시급한 민생 법안을 우선 처리하자는 요구를 차갑게 외면한 쪽이 바로 여당"" 이라고 일갈했다.', '민 식이 법 등 민생 법안이 처리되지 못한 건 분명히 민주당이 본회의를 거부한 탓"" 이라고 주장했다.']",['한국'],4749,22.194146136028635
정치,"이인영 ""한국당과 더 이상 대화 무의미…협상의 정치 종언""(종합)",연합뉴스,https://news.naver.com/main/ranking/read.nhn?rankingType=popular_day&oid=001&aid=0011248627&date=20191201&type=1&rankingSectionId=100&rankingSeq=29,"['2019.12.1 toadboy@yna .co .kr 기자 간담회하는 이인 영 원내 대표( 서울= 연합 뉴스) 하사헌 기자 = 더 불어 민주당 이인영 원내 대표가 1일 오전 서울 여의도 국회에서 기자 간담회를 하고 있다.', '2019.12.1 toadboy@yna .co .kr 기자 간담회하는 이인 영 원내 대표( 서울= 연합 뉴스) 하사헌 기자 = 더 불어 민주당 이인영 원내 대표가 1일 오전 서울 여의도 국회에서 기자 간담회를 하고 있다.', '2019.12.1 toadboy@yna .co .kr "" 원 포인트 본회의, 검토 가능… 민생 법안 처리정신 지켜 질지 의심"""" 민생 개혁 원하는 정치세력과 사태 해결… 한국당 대대적 \' 법질 극\'""( 서울= 연합 뉴스) 차지 연 이 보배 기자 = 더 불어 민주당 이인영 원내 대표는 1일 자유 한국 당의 199개 안건에 대해 필리 버스터( 합법적 의사 진행 방해 )를 신청한 것과 관련, "" 공존의 정치, 협상의 정치가 종언을 고했다"" 고 강하게 비판했다.']",['한국'],1071,26.05042016806723
정치,"한국당 '친문농단 게이트' 국정조사 요구…與 ""대응할 가치없어""(종합)",연합뉴스,https://news.naver.com/main/ranking/read.nhn?rankingType=popular_day&oid=001&aid=0011249195&date=20191201&type=1&rankingSectionId=100&rankingSeq=30,"[""[ 연합 뉴스 자료사진] 발언하는 한국 당 곽 상도 의원( 서울= 연합 뉴스) 안 정원 기자 = 자유 한국 당 곽 상도 의원이 지난달 28일 오후 서울 여의도 국회에서 열린 ' 울산시장 부정선거 등 친 문 게이트 진상조사위원회 1차 회의 '에서 발언하고 있다."", ""0eun @yna .co .kr 친 문 게이트 진상조사 위에서 발언하는 나 경원 원내 대표( 서울= 연합 뉴스) 하사헌 기자 = 자유 한국 당 나 경원 원내 대표가 1일 오후 서울 여의도 국회에서 열린 ' 울산시장 부정선거 등 친 문 게이트 진상조사위원회' 회의에서 발언하고 있다."", ""2019.12.1 toadboy@yna .co .kr 친 문 게이트 진상조사 위에서 발언하는 나 경원 원내 대표( 서울= 연합 뉴스) 하사헌 기자 = 자유 한국 당 나 경원 원내 대표가 1일 오후 서울 여의도 국회에서 열린 ' 울산시장 부정선거 등 친 문 게이트 진상조사위원회' 회의에서 발언하고 있다.""]",['대한'],891,26.038159371492704
경제,아버지 채무 때문에 '상속포기'···내 딸이 그 빚 물려받는다,중앙일보,https://news.naver.com/main/ranking/read.nhn?rankingType=popular_day&oid=025&aid=0002956932&date=20191201&type=1&rankingSectionId=101&rankingSeq=1,"['A : 곽 종규 KB 국민은행 WM 투자자 문부 변호사는 “ 상담을 해보면 자녀가 부모의 상속만 포기하면 끝난 줄 알았다가 손자녀에게 빚이 넘어간다는 얘기에 놀라곤 한다” 면서 “ 가족이 상의를 한 뒤 피상속인 자녀 중 한명이 한정 승인을 받은 뒤 나머지 형제가 상속 포기를 하는 게 가장 원만한 해결책” 이라고 말했다.', '━ 어머니가 한정 승인해도 손자에게 빚 상속 [ 사진 pixabay] [ 사진 pixabay] ━ 상속 포기 각서 써도 법원 신청해야 효력 ━ 피상속인 차량 처분하면 한정 승인 취소 자료: 금융감독원 자료: 금융감독원 주의할 부분이 있다.', '상속 포기와 한정 승인을 할 때는 주의할 점이 많다.']",['상속'],888,26.013513513513516
경제,887회 로또당첨번호 조회 결과 서울 1등 3명 최다…전체 38%,더팩트,https://news.naver.com/main/ranking/read.nhn?rankingType=popular_day&oid=629&aid=0000005198&date=20191201&type=1&rankingSectionId=101&rankingSeq=2,"['로또 887회 당첨번호 1등 8명. 제 887회 로또 복권 1등 당첨번호 6개를 모두 맞힌 주인공은 8명이다.', '/ 동 행복권 캡처 로또 887회 당첨번호 1등 8명. 제 887회 로또 복권 1등 당첨번호 6개를 모두 맞힌 주인공은 8명이다.', '제 887회 로또 복권 1등 당첨자 전체 8명 중 3명이 서울 지역에서 로또를 샀다.']",['로또'],81,30.864197530864196
경제,8명이 각각 25억원씩…제887회 로또당첨번호는?,국민일보,https://news.naver.com/main/ranking/read.nhn?rankingType=popular_day&oid=005&aid=0001264176&date=20191201&type=1&rankingSectionId=101&rankingSeq=3,"['당첨번호 6개를 모두 맞힌 1등 당첨자는 8명으로 각각 25억 3527 만원씩 받게 된다.', '이 중에서 경기 이천과 경남 창원의 당첨자가 수동 방식으로 복권을 구입했으면 서울 중랑구에서 구입한 1등 당첨자는 반자동 방식으로 구입했다.', '당첨번호 5개와 보너스 번호가 일치하는 2등은 66명으로 각각 512 만원씩 받는다.']",['당첨'],119,27.73109243697479
경제,“삼성전자를 지금이라도 매수할까요?”,머니투데이,https://news.naver.com/main/ranking/read.nhn?rankingType=popular_day&oid=008&aid=0004317886&date=20191201&type=1&rankingSectionId=101&rankingSeq=4,"['최근에 대학원 동문 송년회에서 만난 한 후배도 연말 랠리가 조심스럽게 기대된다며 필자에게 삼성전자를 지금이라도 매수해야 하는지 물었다.', '그리고 코스닥지수는 10월 중순에 3개월 여 만에 650 선을 회복했고 코스 피지수는 11월 초에 4개월 여 만에 2100 선을 회복했다.', '나 아가 "" 연말에 실제로 실물 경기 지표 개선이 나타나면 내년 초까지 상승세는 이어질 것"" 이라고 전망했다.']",['증시'],168,30.952380952380953
경제,중국인 입맛 사로잡은 한국 라면…수입라면 1위,연합뉴스TV,https://news.naver.com/main/ranking/read.nhn?rankingType=popular_day&oid=422&aid=0000403610&date=20191201&type=2&rankingSectionId=101&rankingSeq=5,"['동영상 뉴스 [ 앵커] 출출 할 때 간편하게 먹을 수 있는 음식하면 라면을 떠올릴 수 있는데요 .1 인당 라면 소비량은 우리나라가 세계 최고입니다.', '게다가 한국 라면이 세계 최대 라면 시장인 중국에서 외국산 가운데 1위를 차지할 정도로 인기를 끌고 있다고 합니다.', '"" 대중문화 콘텐츠에서 시작된 한류가 라이프 스타일 전반으로 확장되면서 음식이나 의상으로 다양하게 나타나게 되는데, 그중에 대표적으로 라면도 우리나라 드라마에서 라면도 많이 나오고 먹 방도 알려 지면서…"" 코트라는 중국 중산층의 라면 수요가 늘어나는 만큼 프리미엄 라면 등 다양한 소비자 요구를 충족할 수 있는 제품 공급과 유통망 발굴이 필요 하다고 조언했습니다.']",['라면'],194,38.144329896907216
경제,"[집코노미TV] ""서울 집값 2021년 급등, 2024년 정점…2025년부터 하락""",한국경제,https://news.naver.com/main/ranking/read.nhn?rankingType=popular_day&oid=015&aid=0004250144&date=20191201&type=1&rankingSectionId=101&rankingSeq=6,"['답변을 드릴 수 있을 것 같아요.', '거품이라는 시각엔 동의 합니다.', '새로운 공급과 마찬가지인 것이죠. 네.']",['서울'],371,24.797843665768195
경제,안입는 옷 팔려고 만든 중고장터…’1조 기업’됐다,머니투데이,https://news.naver.com/main/ranking/read.nhn?rankingType=popular_day&oid=008&aid=0004317894&date=20191201&type=1&rankingSectionId=101&rankingSeq=7,"[""리 투 아니 아 에서 설립된 중고 의류 거래 플랫폼 ' 빈 티드 (Vinted)' 로고. / 사진= 빈 티드 홈페이지 리 투 아니 아 에서 설립된 중고 의류 거래 플랫폼 ' 빈 티드 (Vinted)' 로고. / 사진= 빈 티드 홈페이지 ▶ 아빠와 성이 다른 딸, 청 첩장 어떡하죠"", '▶0.000001% 부자의 금욕 생활 ▶"" 내 사고장면이 드라마에…"" [ 머니 투데이 유희 석 기자] [ 리 투 아니 아 스타트 업 \' 빈 티드 \'2008 년 설립 후 꾸준히 성장 독일· 미국 등 10여개 국 진출기업가치 1.3조원 인정 받아] 인구가 280만명이 채 안 되는 북유럽의 작은 나라 리 투 아니 아 에서 세계적인 스타트 업이 탄생했다.', ""중고 의류 거래 플랫폼인 ' 빈 티드 (Vinted)' 는 28일( 현지시간) 1억 2800만 유로( 약 1662억원) 의 투자를 유치하면서 기업가치 10억유로 (1 조 3000억원 )를 인정받았다고 밝혔다.""]",['계획'],40,25.0
경제,수원 행궁동 기묘한 '기와집 동네' 한방 먹인 독특한 집 한 채,중앙일보,https://news.naver.com/main/ranking/read.nhn?rankingType=popular_day&oid=025&aid=0002956896&date=20191201&type=1&rankingSectionId=101&rankingSeq=8,"['［ 사진 김 재경 작가］ 조 성 룡 건축 가가 수원시 팔달구 행궁 동에 지은 집. 동네에 원래 있었던 듯, 자연스런 집을 짓기 위해 되려 수많은 규제를 넘어야 했다.', '［ 사진 조성 룡 도시 건축］ 화성 지구단위계획에 불허 재료로 되어 있는 시멘트 벽돌과 티타늄 아연판 지붕을 썼지만 조화롭다.', '［ 사진 조성 룡 도시 건축］ 화성 지구단위계획에 불허 재료로 되어 있는 시멘트 벽돌과 티타늄 아연판 지붕을 썼지만 조화롭다.']",['건축'],81,19.753086419753085
경제,종부세 고지에 개정세법 적용도 코앞인데 안 파는 다주택자…“매물 찾기 어렵다”,조선일보,https://news.naver.com/main/ranking/read.nhn?rankingType=popular_day&oid=023&aid=0003490477&date=20191201&type=1&rankingSectionId=101&rankingSeq=9,"['올해 말까지 는 3년 이상 보유한 집을 팔 때는 보유기간 당 연 8% 씩, 양도 세가 최대 80%까지 감면 된다.', '2021년부터 는 주택 가격이 9억원 이하이고 보유기간 중 2년 이상 거주해야만 양도 세 비과세 대상이다.', '우 병 탁 신한 은행 부동산투자 자문 센터 팀장은 "" 앞으로 집값이 상승할 것이란 기대감이 남은 상황에서는 다 주택자들뿐 아니라 1 주택자들도 양도 세를 부담하느니 집을 팔지 않고 실 거주기간을 채우려고 할 것"" 이라며 "" 안 그래도 부동산 매물이 드문 상황에서 팔 수 있는 물건도 팔지 못하는 ‘ 매 물 잠 김 현상으로 연결될 가능성이 있다"" 고 예상했다.']",['매물'],456,25.438596491228072
경제,연봉 낮춰 이직까지…금수저 전용 `신혼특공` 논란,매일경제,https://news.naver.com/main/ranking/read.nhn?rankingType=popular_day&oid=009&aid=0004473844&date=20191201&type=1&rankingSectionId=101&rankingSeq=10,"['소득 기준이 맞벌이 부부에게 불리해 청약 때문에 일부러 직장을 그만두거나 부부 중 한 명이 연봉이 낮은 곳으로 이직하는 사례까지 나타나고 있다.1', '일 부동산업계에 따르면 최근 신혼부부들이 신혼 특공에 지원하기 위해 부부 중 한 명이 직장을 그만두거나 연봉이 낮은 직장으로 이직하는 것까지 고민하고 있다.', '신혼 특공 소득 기준은 3 인 가구 기준 부부 합산 월 최대 702만원으로 대기업 맞벌이 부부들은 신청하기 어렵지만, 외 벌이 소득 기준은 월 648만원이어서 소득이 적은 쪽이 일을 그만두면 쉽게 자격을 갖출 수 있다.']",['신혼'],259,24.71042471042471
경제,1000만 원대 시계 입고날 품절… 20대 럭셔리족 크게 늘어,동아일보,https://news.naver.com/main/ranking/read.nhn?rankingType=popular_day&oid=020&aid=0003256180&date=20191201&type=1&rankingSectionId=101&rankingSeq=11,"['올해 초 오프 화이트 한정판 모델을 사기 위해 줄을 선 모습. 롯데 백화점 제공 럭셔리 제품에 대한 선호가 높아 지면서 명품 품귀현상까지 벌어지고 있다.', '롯데 백화점은 2017년 5.5%에 머물렀던 럭셔리 제품 매출액 상승률이 올해 24.4% 로 늘어났다.', '신세계 백화점에 따르면 전체 연령층에서 럭셔리 제품 매출이 지난해보다 가장 많이 늘어난 연령층은 20대로 26.9% 나 증가했다.']",['브랜드'],1188,31.818181818181817
경제,무섭게 오르는 ‘펭수’ 몸값…영상 한편에 5000만원,조선일보,https://news.naver.com/main/ranking/read.nhn?rankingType=popular_day&oid=023&aid=0003490482&date=20191201&type=1&rankingSectionId=101&rankingSeq=12,"['/‘ 자이언트 펭 TV’ 유 튜브 캡 처 지난 27일 ‘ 펭 수’ 가 LG 생활건강이 운영하는 화장품 브랜드 숍 네이 처 컬렉션에서 제품을 판매하는 직업 체험 영상이 유 튜브에 올라왔다.', '그러나 현재 펭수의 유 튜브 채널 구독자는 100만 명을 넘어섰고 그만큼 몸값도 올랐다.', '구매력을 갖춘 20~30 대 직장인들 사이에서 폭발적인 인기를 끌고 있는 만큼 펭수를 광고 모델로 기용해 자사 제품 판매를 늘리려는 목적에서 다. 지난 27일에는 펭수가 LG 생활건강이 운영하는 화장품 브랜드 숍 네이 처 컬렉션에서 교육을 받고 제품을 판매하는 직업 체험 영상이 유 튜브에 올라왔다.']",['펭수'],175,36.0
경제,중국인 입맛 사로잡은 한국 라면…한국산 압도적 1위,중앙일보,https://news.naver.com/main/ranking/read.nhn?rankingType=popular_day&oid=025&aid=0002956875&date=20191201&type=1&rankingSectionId=101&rankingSeq=13,"['중국에서 인기를 끌고 있는 한국 라면. [ 사진 코트 라 웹사이트 캡 처] 중국에서 인기를 끌고 있는 한국 라면. [ 사진 코트 라 웹사이트 캡 처] 세계인 스턴트라면 협회 (WINA) 통계에 따르면 2018년 기준 전 세계 라면 판매량은 약 1036억개였다.', '[ 자료 세계라면 협회 (WINA)· 코 트라] 세계인 스턴트라면 협회 (WINA) 통계에 따르면 2018년 기준 전 세계 라면 판매량은 약 1036억개였다.', '[ 자료 세계라면 협회 (WINA)· 코 트라] 전 세계 라면 소비의 40%를 차지하는 중국에서 한국산 라면이 가장 인기를 끌고 있다는 분석이 나왔다.']",['중국'],132,32.57575757575758
경제,"공무원 늘리면 더 는다…""연금 적자 올 2조, 9년뒤 5조""",중앙일보,https://news.naver.com/main/ranking/read.nhn?rankingType=popular_day&oid=025&aid=0002956943&date=20191201&type=1&rankingSectionId=101&rankingSeq=14,"[""일 국회 예산정책 처가 발표한 '2019 ~2028 년 8대 사회보험( 국민· 사학· 공무원· 군인연금과 고용· 산재· 건강· 노인 장기 요양보험) 재정 전망' 보고서에 따르면 공무원연금 적자는 올해 2조 2000억원에서 2028년 5조 1000억원으로 증가할 전망이다."", '공무원연금의 제도 부양비는 올해 43.5명에서 2028년 51명으로, 군인연금은 같은 기간 51.9명에서 54.6명으로 늘어날 전망이다.', '연금이 쓰는 돈( 지출) 대비 버는 돈( 수입) 의 비율도 2028년 공무원연금 (0.8 배)· 군인연금 (0.5 배) 이 국민연금 (1.7 배)· 사학연금 (1 배 )보다 나빠질 전망이다.']",['연금'],1201,26.72772689425479
경제,이마트에선 스테이크 고기 두께가 5가지,뉴시스,https://news.naver.com/main/ranking/read.nhn?rankingType=popular_day&oid=003&aid=0009584717&date=20191201&type=1&rankingSectionId=101&rankingSeq=15,"['[ 서울= 뉴 시스] 이 마트가 스테이크 두께를 고객 맞춤형으로 판매한다고 1일 밝혔다.', '[ 서울= 뉴 시스] 이 마트가 스테이크 두께를 고객 맞춤형으로 판매한다고 1일 밝혔다.', '[ 서울= 뉴 시스] 이 예 슬 기자 = 이 마트는 스테이크 두께를 고객 맞춤형으로 판매한다고 1일 밝혔다.']",['스테이크'],52,23.076923076923077
경제,외국인 11월 국내주식 3.5조 순매도…넉 달 연속 '팔자',연합뉴스,https://news.naver.com/main/ranking/read.nhn?rankingType=popular_day&oid=001&aid=0011248294&date=20191201&type=1&rankingSectionId=101&rankingSeq=16,"['일 한국 거래소에 따르면 11월 중 외국인은 국내 주식시장( 코스 피+ 코스닥+ 코넥스 )에서 3조 5천 483억원 어치의 주식을 순매도( 매도- 매수) 했다.11', ""외국인 ' 팔자' 로 코스닥시장에서 외국인의 주식 보유 비중은 연중 최저로 하락했다."", '지난달 28일 현재 외국인의 주식 보유 규모는 23조 5천 283억원에 그쳐 코스닥시장 전체 시 총 (228 조 9천 87억원) 의 10.28% 로 연중 최저를 기록했다.']",['외국인'],251,25.89641434262948
경제,"[당신뉴스] 새 차 받자 '경고등'…""2번 더 고장나면 오세요?""",MBC,https://news.naver.com/main/ranking/read.nhn?rankingType=popular_day&oid=214&aid=0000997519&date=20191201&type=2&rankingSectionId=101&rankingSeq=17,"[""올해 첫 시행된 ' 한국형 레몬 법 '에 선, 안전· 하자 심의 위원회의 중재로 교환· 환불 결정을 내릴 때, 중대 하자가 두 번 이상, 일반 하자가 세 번 이상 발생해 수리해야 한다고 규정했습니다."", '[ 최 모 씨/ 지프 차량 구매자]""( 업체에선) 이것은 안전 상의 문제가 되지 않는다, 레몬 법 적용하고 있지 않기 때문에 그런 문제 있다 하더라도 교환· 환불은 어렵다…"" 소비자 불만이 잇따르자, 국토 교통부는 차량 교환· 환불의 요건을 소비자 권익을 보호하는 방향으로 개선을 검토하겠다고 밝혔습니다.', '']",['차량'],273,30.4029304029304
경제,종부세 파장…다주택자 '똘똘한 한 채' 갈아타기 시작되나,연합뉴스,https://news.naver.com/main/ranking/read.nhn?rankingType=popular_day&oid=001&aid=0011248576&date=20191201&type=1&rankingSectionId=101&rankingSeq=18,"[""서울 남산에서 바라본 서울 아파트 전경 [ 연합 뉴스 자료사진] 서울 남산에서 바라본 서울 아파트 전경 [ 연합 뉴스 자료사진] 종 부세 ' 역시 똘똘한 한 채' (PG) 종 부세 ' 역시 똘똘한 한 채' (PG) 일시적 2 주택자 보유 대신 매도 전환, 양도 차익 적은 주택부터 매각 조짐 강남 호가 강세 지속…' 종 부세 매물' 기대감에 매수 문의, 거래는 주춤( 서울= 연합 뉴스) 서 미숙 기자 = 지난 2016년 말 양천구 목동 아파트를 매입하면서 기존 잠실 아파트와 합해 2 주택자가 된 직장인 박 모 (57) 씨는 최근 10년 넘게 보유한 잠실 아파트를 매도했다."", '최근 집값이 계속 오르면서 당초 목동과 잠실 아파트 2채를 모두 보유할 생각이었으나 일시적 2 주택 양도 소득세 비과세 기한 (3 년) 을 한 달 앞두고 결국 기존주택 매도로 돌아선 것이다.', '주택 이상 보유자는 종부 세율이 더 높고 세 부담 상한도 큰 만큼 양도 세 부담이 없거나 적은 주택을 팔아 주택 수를 줄이는 것이다.']",['주택'],102,30.392156862745097
경제,연예 마켓+ㅣ 'EBS연습생→100만 유튜버' 펭수의 놀라운 경제 효과,한국경제,https://news.naver.com/main/ranking/read.nhn?rankingType=popular_day&oid=015&aid=0004250205&date=20191201&type=1&rankingSectionId=101&rankingSeq=19,"[""올해 9월 EBS 인기 캐릭터 번개 맨, 방귀 대장 뿡뿡이, 뚝 딱이, 뽀로로 등이 총출동한 ' 육대' (EBS 육상 선수권 대회) 가 입소문을 타기 시작하면서 알려 진 펭수는 단 2 달 만에 100만 구독자 수를 돌파하며 ' 골든 펭귄' 이 됐다."", '지난 28일 판매를 시작한 펭 수 다이어리는 3시간 만에 예스 24에서만 1만 부를 팔아 치웠다.', '또 한 펭수가 올해 9월부터 인기가 급성장하기 시작한 만큼 기존의 인기 캐릭터인 번개 맨, 방귀 대장 뿡뿡이 등의 매출과 비교하는 것도 "" 힘들다"" 고. 다만 펭수의 인기와 함께 EBS의 수 신료를 현실화해야 한다는 여론이 조성된 건 구성원들도 반기는 분위기라고 귀띔했다.EBS']",['펭수'],52,36.53846153846153
경제,"요즘 대기업, 직원 휴게실에 돈 쏟아붓는 이유는",조선일보,https://news.naver.com/main/ranking/read.nhn?rankingType=popular_day&oid=023&aid=0003490479&date=20191201&type=1&rankingSectionId=101&rankingSeq=20,"['/ 제일기획 제공 서울시 용산구 아모레 퍼시픽 본사에 있는 미술관. 직원들에게는 무료로 개방된다.', '/ 안 소영 기자 서울시 용산구 아모레 퍼시픽 본사에 있는 미술관. 직원들에게는 무료로 개방된다.', '직원들의 휴식을 위해 마사지 실을 마련한 기업도 속속 나온다.']",['직원'],33,27.27272727272727
경제,"짐 로저스 ""2008년보다 더 큰 경제 위기 곧 온다""",한국경제,https://news.naver.com/main/ranking/read.nhn?rankingType=popular_day&oid=015&aid=0004250364&date=20191201&type=1&rankingSectionId=101&rankingSeq=21,"['신경 훈 기자 khshin@hankyung .com 짐 로저스 로저스 홀 딩스 회장은 지난 28일 한국경제신문과 만 나 ""2020 년 큰 경제 위기가 올 것"" 이라고 말했다.', '신경 훈 기자 khshin@hankyung .com 짐 로저스 로저스 홀 딩스 회장은 지난 28일 한국경제신문과 만 나 ""2020 년 큰 경제 위기가 올 것"" 이라고 말했다.', '신경 훈 기자 khshin@hankyung .com 짐 로저스 로저스 홀 딩스 회장은 지난 28일 한국경제신문과 만 나 ""2020 년 큰 경제 위기가 올 것"" 이라고 말했다.']",['한국'],191,27.225130890052355
경제,"고소득 10명중 8명 극장 갈때, 저소득 7명은 근처도 못갔다",중앙일보,https://news.naver.com/main/ranking/read.nhn?rankingType=popular_day&oid=025&aid=0002956890&date=20191201&type=1&rankingSectionId=101&rankingSeq=22,"['고소득층 가운데 지난 1년 간 해외여행을 경험한 사람의 비중은 2011년 39.9%에서 올해 51.9% 로 증가했습니다.', '고소득 계층 중 문화· 예술· 스포츠 콘 텐트를 경험한 사람의 비중도 2011년 81.8%에서 올해 85.9% 로 증가했습니다.', '저소득 계층 가운데 문화· 예술· 스포츠 콘 텐트를 경험한 사람의 비중은 2011년 23.1%에서 올해 29.3% 로 올랐지만 여전히 30%를 밑돕니다.']",['소득'],82,23.170731707317074
경제,"줄서서 먹고, 3개월 기다려서 먹고…日 수출규제에도 잘 나가는 일식",조선일보,https://news.naver.com/main/ranking/read.nhn?rankingType=popular_day&oid=023&aid=0003490442&date=20191201&type=1&rankingSectionId=101&rankingSeq=23,"[""시 카 노이에 대표 메뉴인 명란 새우 오 므 라이스( 사진 오른쪽) 와 아보카도 명란 마요 밥 정식. / 이 나라 인턴기자 시 카 노이에 대표 메뉴인 명란 새우 오 므 라이스( 사진 오른쪽) 와 아보카도 명란 마요 밥 정식. / 이 나라 인턴기자 그래픽= 이민 경 그래픽= 이민 경 1971년 백화점 식당 1호로 문을 열었던 까사빠보의 당시 모습. / 신세계 백화점 제공 1971년 백화점 식당 1호로 문을 열었던 까사빠보의 당시 모습. / 신세계 백화점 제공 서울 청담동 ' 스시 코 우지 '를 운영하는 일본인 요리 사 코 우지 나 카 무라"", '신선한 재료, 스킬만 있으면 됩니다.', '노 희경 조선대 식품 영양학과 명예교수는 한국식생활문화학회에 낸 논문에서 "" 맛과 동시에 건강을 생각하는 음식, 소식( 小食 )으로 음식문화가 점차 바뀌어 가고 있다 ""며 "" 일식은 이런 최근 움직임에 가장 적합하다"" 고 말했다.']",['최근'],2917,22.591703805279398
경제,매물 귀하고 전셋값 뛰고…불안한 서울 집값,연합뉴스TV,https://news.naver.com/main/ranking/read.nhn?rankingType=popular_day&oid=422&aid=0000403655&date=20191201&type=2&rankingSectionId=101&rankingSeq=24,"['동영상 뉴스 [ 앵커] 정부의 잇단 부동산 대책에도 서울 집값은 계속 오르고 있습니다.', '[ 기자] 부동산 규제를 확대한 정부는 연말부터 집값 안정 효과가 가시화할 것으로 보고 있습니다.', '연합 뉴스 TV 배 삼진입니다.']",['집값'],231,28.13852813852814
경제,"""출근 후 집도, 싫증 난 옷도 다 돈입니다"" 부수입 쏠쏠",조선일보,https://news.naver.com/main/ranking/read.nhn?rankingType=popular_day&oid=023&aid=0003490476&date=20191201&type=1&rankingSectionId=101&rankingSeq=25,"['개인 사업자 유 지은 씨의 집. 유씨는 촬영 장소 중개 플랫폼 ‘ 아 워 플레이스 ’를 통해 월 50만원 이상의 부수입을 얻는다고 했다.', '/ 스튜디오 오 밀리 개인 사업자 유 지은 씨의 집. 유씨는 촬영 장소 중개 플랫폼 ‘ 아 워 플레이스 ’를 통해 월 50만원 이상의 부수입을 얻는다고 했다.', '']",['플랫폼'],15,40.0
경제,나랏빚 1초에 200만원씩 늘어···공포의 '악어 입 그래프' 온다,중앙일보,https://news.naver.com/main/ranking/read.nhn?rankingType=popular_day&oid=025&aid=0002956936&date=20191201&type=1&rankingSectionId=101&rankingSeq=26,"['일 국회 예산정책 처의 국가 채무 시계에 따르면 1일 오전 11시 기준으로 우리나라 국민 1 인당 부담해야 할 국가 채무는 1418만 9883원으로 집계됐다.', '여기에 올해 본예산 기준 지방정부 순 채무 전망치 (30 조원 )까지 감안 해 단위 시간별 국가 채무 변동을 계산하면 1초에 199만 5400 원씩 나랏빚이 증가할 전망이라고 예정 처는 내다봤다.', '우리나라의 국가 채무는 1997년에 60조원 수준이었지만 1998년 외환위기 이후 재정지출 규모가 확대되면서 빠르게 증가하고 있다.']",['채무'],498,24.29718875502008
경제,다시 무주택자 된 김의겸…돈도 명예도 날린 청와대 전 대변인,디지털타임스,https://news.naver.com/main/ranking/read.nhn?rankingType=popular_day&oid=029&aid=0002571095&date=20191201&type=1&rankingSectionId=101&rankingSeq=27,"['김의 겸 전 대변인이 페이스 북을 통해 흑석동 집을 팔고 매각 차익은 전액 기부하겠다고 밝혔다.', '', '♨ HOT!! 포 토 [ 디지털 타임스 박상 길 기자] 김의 겸 전 청와대 대변인이 전 재산을 털어 구매한 흑석동 집을 팔고 다시 무주택자로 돌아간다.']",['흑석동'],403,22.332506203473944
경제,수출한국의 `비명`…12개월째 뒷걸음,매일경제,https://news.naver.com/main/ranking/read.nhn?rankingType=popular_day&oid=009&aid=0004473933&date=20191201&type=1&rankingSectionId=101&rankingSeq=28,"['◆ 수출 12개 월째 내리막 ◆ 수출이 12개월 연속 마이너스를 기록하면서 올해 3년 만에 수출 역성장에 빠졌다.', '지난해 12월부터 시작된 수출 마이너스 행진이 12개 월째 이어지면서 2015년 1월부터 2016년 7월까지 19개월 연속 마이너스를 기록한 이후 최장기간 하락세를 나타내고 있다.', '특히 지난 6월부터 6개월 연속 두 자릿수 마이너스를 기록 하면서 수출 붕괴가 현실화하고 있다.']",['수출'],722,27.977839335180054
경제,"2억 이상 상습 체납자, 내년부터 유치장 간다",YTN,https://news.naver.com/main/ranking/read.nhn?rankingType=popular_day&oid=052&aid=0001371716&date=20191201&type=2&rankingSectionId=101&rankingSeq=29,"['동영상 뉴스 내년부터 체납액이 2억 원을 넘는 고액· 상습 체납자는 유치장에 가둡니다.', '', '먼저 국세 징수법 개정안에는 낼 만한 능력이 있는데도 국· 관세를 합쳐 2억 원 넘게 3 차례 이상 체납하면 최대 30일 동안 유치장에 가두는 제도가 추가 됩니다.']",['개정안'],297,23.905723905723907
경제,外風·반도체 쇼크에 수출 10% 폭삭… 빛 바랜 무역 1兆달러,디지털타임스,https://news.naver.com/main/ranking/read.nhn?rankingType=popular_day&oid=029&aid=0002571189&date=20191201&type=1&rankingSectionId=101&rankingSeq=30,"['올해 전체 수출이 약 5400억 달러, 수입이 약 5000억 달러를 기록할 것으로 예상된다.', '올해 1~11 월 중국 수출액은 1217억 2500만 달러로 지난해 같은 기간에 비해 17.4% 감소했다.', '200억 달러 넘게 감소한 것이다.']",['수출'],219,26.027397260273972
사회,‘성남어린이집 성추행 의혹’ 일파만파…가해자 처벌 국민 청원 등장,한국일보,https://news.naver.com/main/ranking/read.nhn?rankingType=popular_day&oid=469&aid=0000444818&date=20191201&type=1&rankingSectionId=102&rankingSeq=1,"['청와대 국민 청원 홈페이지 캡 처 청와대 국민 청원 홈페이지 캡 처 성남 어린이집에서 발생한 또래 아동 상습 성 추행 의혹이 일 파만 파로 커지고 있다.', '청와대 국민 청원 홈페이지에는 가해자 처벌을 요구하는 국민 청원도 등장했다.', '일에는 청와대 국민 청원 게시판에도 사연이 등장해 파문이 확산되고 있다.']",['어린이집'],3452,29.92468134414832
사회,"강남 외제차에 연봉1억도 ""난 가난""… 대한민국 진짜 가난은 도둑 맞았나",조선일보,https://news.naver.com/main/ranking/read.nhn?rankingType=popular_day&oid=023&aid=0003490326&date=20191201&type=1&rankingSectionId=102&rankingSeq=2,"[""이런 ' 가난 인증' 속에서 ' 가난마저 빼앗겼다 '며 상처 받는 사람들도 생겨난다."", '그러나 이 중엔 연봉 6000만원 이상이 11.35%, 1억 이상도 1.81% 나 됐다.', '그러면 이들은 진짜로 가난할까.']",['가난'],730,30.684931506849317
사회,서울 도심 5등급차량 제한 개시 7시간만에 205대 단속,연합뉴스,https://news.naver.com/main/ranking/read.nhn?rankingType=popular_day&oid=001&aid=0011248941&date=20191201&type=1&rankingSectionId=102&rankingSeq=3,"[""'( 서울= 연합 뉴스) 신 준희 기자 = 서울 사대문 안 ' 녹색 교통지역' 내 배출가스 5 등급 차량 운행 제한 첫 날인 1일 오후 서울시 교통정보센터 (TOPIS) 상황실에서 담당 직원이 차주에게 실시간 메시지로 통보되는 과태료 사전 통지서를 보여주고 있다."", ""'( 서울= 연합 뉴스) 신 준희 기자 = 서울 사대문 안 ' 녹색 교통지역' 내 배출가스 5 등급 차량 운행 제한 첫 날인 1일 오후 서울시 교통정보센터 (TOPIS) 상황실에서 담당 직원이 차주에게 실시간 메시지로 통보되는 과태료 사전 통지서를 보여주고 있다."", ""2019.12.1 hama@yna .co .kr 5 등급 차 서울 도심 진입시 과태료 25만원( 서울= 연합 뉴스) 박 동주 기자 = 1일부터 노후 경유 차 등 배출가스 5 등급 차량이 옛 서울 한양도 성 내부( 사대문 안) 의 ' 녹색 교통지역 '에 진입하면 과태료 25만원이 부과된다.""]",['등급'],1488,20.228494623655912
사회,"""성남시 어린이집 성폭행 아동 부모, 국가대표 박탈해야"" 靑청원",이데일리,https://news.naver.com/main/ranking/read.nhn?rankingType=popular_day&oid=018&aid=0004528757&date=20191201&type=1&rankingSectionId=102&rankingSeq=4,"['사진 =YTN 방송 캡 처 [ 이 데일리 박 지혜 기자] 이른바 ‘ 성남 시 어린이집 성폭행’ 피해 아동의 아버지가 청와대 국민 청원을 통해 아동 간 성폭행 문제에 대한 법적 장치와 가해자로 지목한 아이 아버지의 국가 대표 선수 자격 박탈을 요구했다.1', '청원인은 자신을 “ 지난 11월 4일 어린이집과 아파트 단지 내에서 같은 어린이집에 다니는 동갑내기 남자아이로부터 친구들이 보는 앞에서 아동 성폭력 피해를 당한 만 5세 딸아이의 아버지 ”라고 소개했다.', '해 당 청원 관련 사건은 5세 아이의 부모가 최근 온라인 커뮤니티에 피해 사실을 폭로 하면서 알려 졌다.5']",['청원'],1380,27.681159420289852
사회,"허벅지 만지며 추행 뒤 ""순수한 사랑""···그녀는 대자보 붙였다",중앙일보,https://news.naver.com/main/ranking/read.nhn?rankingType=popular_day&oid=025&aid=0002956900&date=20191201&type=1&rankingSectionId=102&rankingSeq=5,"['마주치는 것조차 싫어 수업이 끝나면 바로 집에 가게 만들었던 선배 B 씨와 같은 수업을 듣게 된 것이다.A', '과 전체 학생 중 절반이 넘는 인원이다.', '그러나 현재로써는 B 씨를 강제로 수업에 들어오지 못 하게 할 수 있는 방법은 없다.']",['성폭력'],242,33.057851239669425
사회,"[속보] '백원우 비선 특감반원' 1명, 검찰 조사 앞두고 숨진 채 발견",조선일보,https://news.naver.com/main/ranking/read.nhn?rankingType=popular_day&oid=023&aid=0003490519&date=20191201&type=1&rankingSectionId=102&rankingSeq=6,"[""백 원우 전 청와대 민정비서관 휘하에서 행정 관으로 근무했던 검찰 수사관 A 씨가 1일 오후 숨진 채 발견된 서울 서초구 한 사무실. ' 청와대 하명 수사 의혹 '에 연루됐다고"", ""/ 연합 뉴스 백 원우 전 청와대 민정비서관 휘하에서 행정 관으로 근무했던 검찰 수사관 A 씨가 1일 오후 숨진 채 발견된 서울 서초구 한 사무실. ' 청와대 하명 수사 의혹 '에 연루됐다고"", '알려 진 A 수사관은 이날 오후 6시 서울 중앙 지검 공공수사 2부에 참고인으로 출석할 예정이었던 것으로 전해 졌다.']",['검찰'],2702,27.942264988897115
사회,"실종 신고 청주 주택조합 임원, 속리산서 숨진 채 발견",연합뉴스,https://news.naver.com/main/ranking/read.nhn?rankingType=popular_day&oid=001&aid=0011248149&date=20191201&type=1&rankingSectionId=102&rankingSeq=7,"['지난 26일 실종자 수색작업 모습 [ 속리산 국립공원사무소 제공. 재판매 및 DB 금지] 지난 26일 실종자 수색작업 모습[ 속리산 국립공원사무소 제공. 재판매 및 DB 금지] ( 청주= 연합 뉴스) 박 재천 기자 = 배 임 및 횡령 혐의로 피소된 청주의 한 지역주택조합 임원 A(68) 씨가 실종 신고 8일 만에 속리산에서 숨진 채 발견됐다.', '충북 보은 경찰서는 30일 "" 오늘 오후 3시 넘어 속리산 매 봉 ( 활 목 고개) 인근에서 숨진 채 누워 있는 A 씨를 발견했다는 경북 상주경찰서 연락을 받았다"" 고 밝혔다.', '상주 경찰서와 보은 경찰서는 폐쇄 회로 (CC )TV 분석을 통해 A 씨가 지난 23일 상주시 화북면의 한 마을회관 앞에 차를 세워 놓고 속리산 묘 봉 쪽으로 향한 사실을 확인해 119 구조대, 속리산 국립공원사무소 직원, 자율 방범 대원 등과 수색 작업을 벌였다.A']",['속리산'],109,25.688073394495415
사회,"로또 887회 1등 25억원, 8명 중 4명 '자동'...명당은 어디?",이데일리,https://news.naver.com/main/ranking/read.nhn?rankingType=popular_day&oid=018&aid=0004528420&date=20191201&type=1&rankingSectionId=102&rankingSeq=8,"['제 887회 로또 복권 1등 당첨자 배출 점( 사진= 동행 복권 홈페이지) [ 이 데일리 박 지혜 기자] 동 행복권은 제 887회 로또 복권 추첨에서 1등 당첨자가 8명으로, 각 25억 3527 만원씩 받는다고', '당첨번호 5개와 보너스 번호를 맞힌 2등은 66명으로 각 5122 만원씩을, 당첨번호 5개를 맞힌 3등은 2388명으로 142 만원씩을 받는다.', '당첨번호 4개를 맞힌 4등( 고정 당첨금 5만원) 은 11만 4719명, 당첨번호 3개를 맞힌 5등( 고정 당첨금 5000원) 은 188만 5924명이다.']",['로또'],131,27.480916030534353
사회,"[단독]가수 에이톤, 성폭행 시도한 외국인 ‘업어치기’ 제압",채널A,https://news.naver.com/main/ranking/read.nhn?rankingType=popular_day&oid=449&aid=0000182206&date=20191201&type=2&rankingSectionId=102&rankingSeq=9,"['오늘 아침 서울의 한 주택가에서 여성을 성폭행하려 던 외국인 남성을 에이 톤이 제압했습니다.', '', '이 과정에서 골목을 지나가던 행인들도 폭행을 당했습니다.']",['외국인'],454,37.44493392070485
사회,노후 경유차 과태료 부과 첫날 “2분에 한 대씩 적발”,중앙일보,https://news.naver.com/main/ranking/read.nhn?rankingType=popular_day&oid=025&aid=0002956997&date=20191201&type=1&rankingSectionId=102&rankingSeq=10,"['[ 뉴스 1] ━ 첫 날 416대 적발… 과태료 1억 400만원 ━ 일부 시민들 “ 단속 사실 전혀 몰랐다” 서울 녹색 교통지역 개요 그래픽= 김 주원 기자 zoom@joongang .co .kr 서울 녹색 교통지역 개요 그래픽= 김 주원 기자 zoom@joongang .co .kr ━ 도심에서 ‘ 반값버스’ 운 행, 따릉이 두 배로 서울 사대문 안 녹색 교통지역 배출가스 5 등급 차량 단속 첫 날인 1일 서울 시내 녹색 교통지역 경계 지점인 숭례문 앞에 단속 카메라가 운영되고 있다.', '우 상조 기자 서울 사대문 안 녹색 교통지역 배출가스 5 등급 차량 단속 첫 날인 1일 서울 시내 녹색 교통지역 경계 지점인 숭례문 앞에 단속 카메라가 운영되고 있다.', '코란도를 비롯한 쌍용 자동차의 일부 차량과 수입 차 등 저감장치 장착이 불가능한 차량은 내년 12월까지, 저감장치 부착을 신청한 차량은 내년 6월까지 단속이 유예된다.']",['교통'],1120,19.642857142857142
사회,[속보] 靑 민정비서관실 출신 검찰수사관 숨진채 발견,연합뉴스,https://news.naver.com/main/ranking/read.nhn?rankingType=popular_day&oid=001&aid=0011249228&date=20191201&type=0&rankingSectionId=102&rankingSeq=11,"['기사 섹션 분류 안내 기사의 섹션 정보는 해당 언론사의 분류를 따르고 있습니다.', '언론사는 개별 기사를 2개 이상 섹션으로 중복 분류할 수 있습니다. 닫기']",['언론사'],1939,28.055698813821557
사회,"부동산 투기 논란 김의겸 ""흑석동 집 판다···차액 전액 기부""",중앙일보,https://news.naver.com/main/ranking/read.nhn?rankingType=popular_day&oid=025&aid=0002956923&date=20191201&type=1&rankingSectionId=102&rankingSeq=12,"['고가 건물 매입 논란에 휩싸인 김의 겸 청와대 대변인이 3월 29일 오전 전격 사퇴 했다.', '[ 뉴스 1] 고가 건물 매입 논란에 휩싸인 김의 겸 청와대 대변인이 3월 29일 오전 전격 사퇴 했다.', '김 대변인은 청와대 출입 기자단 대화방에 당부의 말과 함께 건물 매입은 아내가 상의하지 않고 낸 결정이었다며 "" 다']",['대변인'],1081,24.0518038852914
사회,"옥시 英본사 CEO ""가습기살균제 피해자에게 진심으로 사죄""(종합)",연합뉴스,https://news.naver.com/main/ranking/read.nhn?rankingType=popular_day&oid=001&aid=0011248752&date=20191201&type=1&rankingSectionId=102&rankingSeq=13,"['브 제인 옥시 전 CEO 규탄 퍼포먼스[ 연합 뉴스 자료사진] 특 조위 조사단, 영국· 인도 현지 방문해 임직원 대면\' 가습기 살균제 유해성 은폐\' 옥시 전 대표 인도 현지조사는 불발( 서울= 연합 뉴스) 박 의래 장 우리 기자 = 옥시 본사인 레 킷 벤 키 저 (RB) 의 신임 최고 경영자 (CEO) 락스만 나라시 만이 "" 가습기 살균제 피해자와 그 가족들에게 진심으로 사죄하고 문제 해결을 위해 노력하겠다"" 는 뜻을 밝혔다.1', ""일 ' 가습기 살균제사건과 4·16 세월 호 참사 특별조사위원회'( 특 조위 )에 따르면 나라시 만은 지난달 29일 영국 RB 본사에서 특조위의 다국적 기업 현지 조사단과 만 나 이같이 말하고 홈페이지에 사과 서한을 게시했다."", '특 조위는 제인 전 대표가 지난 8월 열린 \'2019 년도 가습기 살균제 참사 진상규명 청문회 \'에도 불참하자 직접 조사를 추진했고, 최근 제인 전 대표 측이 "" 인도에서 조사 받겠다"" 고 알려 와 조사 일정을 잡았다.']",['가습기'],209,24.880382775119617
사회,과천서 건물 지붕 붕괴…매몰 2명 구조. 하반신 마비 증상,중앙일보,https://news.naver.com/main/ranking/read.nhn?rankingType=popular_day&oid=025&aid=0002956965&date=20191201&type=1&rankingSectionId=102&rankingSeq=14,"['1일 오전 경기도 과천시 한 건물 철거 현장에서 지붕이 무너져 인부 2명이 매몰됐다가 출동한 소방 당국에 의해 구조됐다.', '[ 사진 경기도 소방 재난본부] 1일 오전 경기도 과천시 한 건물 철거 현장에서 지붕이 무너져 인부 2명이 매몰됐다가 출동한 소방 당국에 의해 구조됐다.', '[ 사진 경기도 소방 재난본부] ━ 매몰된 인부 2명 모두 하반신 마비 증상 경기 과천시의 한 공사 현장에서 철거 작업을 하던 건물의 지붕이 무너져 인부 2명이 매몰되는 사고가 났다.']",['소방'],97,25.773195876288657
사회,"'靑하명 수사' 의혹 행정관 숨진채 발견…""가족에게 미안"" 쪽지",중앙일보,https://news.naver.com/main/ranking/read.nhn?rankingType=popular_day&oid=025&aid=0002957009&date=20191201&type=1&rankingSectionId=102&rankingSeq=15,"['', '경찰은 현장 감식을 진행하며 유족을 상대로 조사를 진행하고 있다.', '는 의혹을 받아 왔다.']",['조사'],1353,26.164079822616408
사회,"양파망에 우린 국물, 맛있게 먹었어도 몸은 '시름'",머니투데이,https://news.naver.com/main/ranking/read.nhn?rankingType=popular_day&oid=008&aid=0004317882&date=20191201&type=1&rankingSectionId=102&rankingSeq=16,"['', '일부 음식점은 조리상 편리 하다는 이유로 이 같은 조리 방식을 이어 나가고 있지만, 건강에 악영향을 끼칠 수 있다는 점을 모르는 경우가 대다수다.1', '일 업계에 따르면 음식점 등에서 식품용이 아닌 기구를 조리에 사용하거나, 식품용 기구 이긴 하지만 제대로 관리되지 않는 일이 발생하고 있다.']",['사용'],219,34.70319634703196
사회,[속보] ‘백원우 별동대’ 전 특감반원 숨진 채 발견,세계일보,https://news.naver.com/main/ranking/read.nhn?rankingType=popular_day&oid=022&aid=0003418552&date=20191201&type=1&rankingSectionId=102&rankingSeq=17,"['사진= 뉴 시스 청와대 민정비서관 실 특별 감찰 반에서 일명 ‘ 백 원우 별동대’ 로 활동했다는 의혹을 받는 검찰 수사관이 소환 조사를 앞두고 숨진 채 발견됐다.1', '일 법조계에 따르면 검찰 수사관 A 씨가 서울 서초동의 지인 사무실에서 숨진 채 발견됐다.', 'A 씨는 지난해 6·13 지방선거를 앞두고 청와대가 김 기현 당시 울산시장에 대한 수사 단초를 경찰에 제공했다는 이른바 ‘ 김 기현 첩보’ 전달 과정에 관여한 의혹으로 검찰 조사를 앞두고 있었다.A']",['의혹'],1333,28.057014253563388
사회,"가수 에이톤, 여성 성폭행 시도 외국인男 ‘업어치기’로 제압",동아일보,https://news.naver.com/main/ranking/read.nhn?rankingType=popular_day&oid=020&aid=0003256240&date=20191201&type=1&rankingSectionId=102&rankingSeq=18,"['사진= 채널 A 방송 화면 캡 처 사진= 채널 A 방송 화면 캡 처 에이 톤( 흰색 동그라미) 이 외국인 남성을 붙잡으려고 하고 있다.', '영상= 채널 A 방송 화면 에이 톤( 흰색 동그라미) 이 외국인 남성을 붙잡으려고 하고 있다.', '영상= 채널 A 방송 화면 가수 겸 작곡가 에이 톤( 본명 임지 현) 이 길 가 던 여성을 성폭행하려 던 외국인 남성을 업어 치기로 제압했다.']",['에이'],326,42.63803680981595
사회,"5살 여아, 친구에 성추행 피해...가해 아동 부모 ""법적 대응""",YTN,https://news.naver.com/main/ranking/read.nhn?rankingType=popular_day&oid=052&aid=0001371689&date=20191201&type=2&rankingSectionId=102&rankingSeq=19,"['교사의 눈을 피해 여자 아이가 상습적으로 추행을 당하고 심지어 폭행까지 당해 아이와 부모는 큰 충격을 받은 상태입니다.', '[A 양 부모 : 저희 아이가 바지를 올리고 오는 거예요.', '[A 양 / 피해 아동 ( 피해 부모 촬영) : (OO 가 끌고 간 게 OO이 XX 하려고 끌고 간 거야?) 응. ( 바지 벗기고?) 응.] 아이는 이런 일은 처음이 아니었다고 말했습니다.']",['부모'],3652,29.1894852135816
사회,"총선 나가려면 명퇴 해야하는 황운하···경찰 ""수사중이라 불가""",중앙일보,https://news.naver.com/main/ranking/read.nhn?rankingType=popular_day&oid=025&aid=0002956926&date=20191201&type=1&rankingSectionId=102&rankingSeq=20,"['지난 27일 오후 황 운하 대전 경찰청장이 울산 경찰청장 재직 중 이뤄 진 김 기현 전 울산시장 관련 수사에 대해 당시 상황을 설명하고 있다.', '신진 호 기자 지난 27일 오후 황 운하 대전 경찰청장이 울산 경찰청장 재직 중 이뤄 진 김 기현 전 울산시장 관련 수사에 대해 당시 상황을 설명하고 있다.', '자유 한국당이 ‘ 김 기현 전 울산시장 측근 수사’ 와 관련, 자신을 검찰에 고발한 시점은 1년 6개월 전 일로 이제 와서 검찰이 수사하는 것에 대해 의혹을 제기했다.']",['수사'],1023,27.56598240469208
사회,두 아이 아빠이자 15년 차 기수가 ‘극단적 선택’하며 쓴 유서,국민일보,https://news.naver.com/main/ranking/read.nhn?rankingType=popular_day&oid=005&aid=0001264149&date=20191201&type=1&rankingSectionId=102&rankingSeq=21,"['숙소에선 조교사 채용 비리를 비롯해 부정 경마 등 마사회의 비리를 고발한 내용이 담긴 유서가 발견됐다.', '경찰은 유서가 발견됐다는 점을 미뤄 극단적 선택을 한 것에 무게를 두고 수사 중이다.', '일 부산 강서 경찰서에 따르면 이날 오전 5시 25분 쯤 부산 강서구 한국 마사회 렛츠 런 파크 부산 경남 기숙사 내부 화장실에서 숨진 기수 A 씨 (40 )를 동료가 발견해 경찰에 신고했다.']",['마사회'],450,36.888888888888886
사회,"'센 주먹 최고'라던 北학부모, 이젠 자식 때린 교사 벌한다",중앙일보,https://news.naver.com/main/ranking/read.nhn?rankingType=popular_day&oid=025&aid=0002956893&date=20191201&type=1&rankingSectionId=102&rankingSeq=22,"['는 질문에 대한 응답자의 대답을 출생 연도 별로 나눠 분석해 놓은 표. 출생 연도가 높을수록 신체적 학대를 경험해 본 적이 있다는 답변이 낮아 졌다.', '는 질문에 대한 응답자의 대답을 출생 연도 별로 나눠 분석해 놓은 표. 출생 연도가 높을수록 신체적 학대를 경험해 본 적이 있다는 답변이 낮아 졌다.', '실제 성 통만 사의 설문 조사 결과 체벌에 대한 경험도 출생 연도가 높아 질수록 현저히 낮아 졌다.']",['폭력'],84,22.61904761904762
사회,“CCTV 보고 짐승처럼 울었다” 어린이집 성폭력 靑청원 등장,국민일보,https://news.naver.com/main/ranking/read.nhn?rankingType=popular_day&oid=005&aid=0001264325&date=20191201&type=1&rankingSectionId=102&rankingSeq=23,"['청와대 국민 청원 홈페이지 청와대 국민 청원 홈페이지 YTN 뉴스 캡 처 YTN 뉴스 캡 처 경기도 성남의 한 어린이집에서 만 5살 여아가 또래 아동으로부터 상습 성 추행을 당했다는 주장과 관련해서 관련 의혹이 일 파만 파 커지고 있다.', '가해자 처벌을 요구하는 청와대 국민 청원도 등장했다.', 'A 양 부모는 “ 그 장면을 본 저는 짐승처럼 울부짖었다 ”며 “ 당시 가해 아동과 바로 옆에서 제 딸아이의 치부를 쳐다보던 아이들 3명 모두가 가해 아동이 딸의 바지를 벗기고 항문에 손가락을 집어넣는 것을 보았지만, 가해 아동이 선생님께 이르지 말고 엄마한 테도 이르지 말라고 했다고']",['부모'],706,29.745042492917843
사회,청와대 하명수사 의혹 ‘백원우 특감반’ 수사관 숨진 채 발견,한겨레,https://news.naver.com/main/ranking/read.nhn?rankingType=popular_day&oid=028&aid=0002476735&date=20191201&type=1&rankingSectionId=102&rankingSeq=24,"['백 원우 (53) 전 청와대 민정비서관 산하 별도 ‘ 특별 감찰 반’( 민정 특감 반 )에 소속됐던 검찰 수사관이 1일 숨진 채 발견됐다.', '‘ 청와대 하명수사’ 의혹이 제기된 김 기현 전 울산시장에 대한 경찰 수사가 진행 중인 때 울산 경찰청을 방문했던', '민정 특감 반은 반부패비서관 산하 특별 감찰 반과 별도로 백 전 비서관이 운영한 감찰 조직이다.']",['특감'],1019,27.57605495583906
사회,5등급차량 단속 시작...하루만에 1억원어치 과태료 부과,서울경제,https://news.naver.com/main/ranking/read.nhn?rankingType=popular_day&oid=011&aid=0003659950&date=20191201&type=1&rankingSectionId=102&rankingSeq=25,"['오늘부터 ‘5 등급 차량’ 단속··· 박원 순, 상황실 방문 / 연합 뉴스 오늘부터 ‘5 등급 차량’ 단속··· 박원 순, 상황실 방문 / 연합 뉴스 5 등급 차 서울 도심 진입시 과태료 25만원. / 연합 뉴스 5 등급 차 서울 도심 진입시 과태료 25만원. / 연합 뉴스 [ 서울경제] 서울시가 1일부터 내년 3월까지 ‘ 녹색 교통지역 내 배출가스 5 등급 차량 과태료 부과 ’를 이날 오전 6시를 기해 시작했다.', '서울시에 따르면 이날 오전 6시부터 오후 9시까지 녹색 교통지역으로 진입한 전체 차량 16만 4,761대 중 5 등급 차량은 2,572대였다.', '박원 순 서울시장은 이날 오후 녹색 교통지역 5 등급 차량 제한을 총괄하는 시청 지하 서울시 교통정보센터 (TOPIS )를 찾아 단속 상황 등을 점검하기도 했다.']",['차량'],823,17.861482381530987
사회,"""월급에서 후원금 강제로 떼어…거부했더니 화내고 불이익""",연합뉴스,https://news.naver.com/main/ranking/read.nhn?rankingType=popular_day&oid=001&aid=0011249007&date=20191201&type=1&rankingSectionId=102&rankingSeq=26,"[""노동전문가들 로 구성된 시민단체 직 장갑질 119는 사회복지사 온라인모임 ' 사회복지 119' 의 사회복지사 173명을 대상으로 10월 16일부터 11월 15일까지 설문조사를 벌인 결과 77.6% 가 직장 내 괴롭힘을 당한 것으로 파악됐다고 1일 밝혔다."", '', '이번 조사에서 응답자의 76.0% 는 전문가의 진료· 상담 필요성을 느꼈다고']",['직장'],123,26.01626016260163
사회,윤석열 '아픈손가락' 담겼다···영화 블랙머니 속 론스타 수사,중앙일보,https://news.naver.com/main/ranking/read.nhn?rankingType=popular_day&oid=025&aid=0002956886&date=20191201&type=1&rankingSectionId=102&rankingSeq=27,"['[ 뉴스 1] ━ 2006년 꾸려 진 대규모 론스타 수사 팀 ━ 박 영수부터 한동 훈까지…\' 칼잡이\' 망라 ━ "" 당시 검찰, 외신· 법원과 싸웠다"" 박 영수 전 대검 중수부장이 2006년 12월 7일 서울 서초동 대검찰청에 서 론스타의 외환은행 불법 매각수사 결과를 발표하고 있다.', '실제 론스타 수사에 참여했던 관계자들에 따르면 윤 총장도 사건 초까지 는 BIS와 같은 금융업계 용어를 잘 몰라 처음부터 공부했다고 한다.', '2006년은 노무현 정부 때고 영화의 배경인 2011년은 이명 박 정부 때다.']",['론스타'],171,35.08771929824561
사회,"검찰 ""숨진 수사관, 오늘 출석 예정이었다···깊은 애도"" (속보)",서울경제,https://news.naver.com/main/ranking/read.nhn?rankingType=popular_day&oid=011&aid=0003659955&date=20191201&type=1&rankingSectionId=102&rankingSeq=28,"['[ 서울경제] 백 원우 전 청와대 민정비서관 휘하에서 행정 관으로 근무했던 검찰 수사관이 1일 오후 숨진 채 발견된 것과 관련, 서울 중앙 지검은 “ 고 인과 일정을 협의해 오늘 서울 중앙 지검에 참고인으로 출석할 예정이었다” 면서 “ 매우 안타깝게 생각하며, 유가족 분들께 깊은 애도를 표한다” 고 밝혔다.', '※ 우울감 등 말하기 어려운 고민이 있거나 주변에 이런 어려움을 겪는 가족, 지인이 있을 경우 자살 예방 핫라인 (1577-0199), 희망의 전화 (129), 생명의 전화 (1588-9191), 청소년 전화 (1388) 등에서 24 시간 전문가의 상담을 받을 수 있습니다.', '/ 강신 우기자 seen@sedaily .com 저작권자 ⓒ 서울경제, 무단 전재 및 재배포 금지']",['서울'],631,27.575277337559427
사회,"6초 만에 ""과태료 25만 원""…노후 경유차 첫날 대거 적발",SBS,https://news.naver.com/main/ranking/read.nhn?rankingType=popular_day&oid=055&aid=0000775798&date=20191201&type=2&rankingSectionId=102&rankingSeq=29,"['배출가스를 많이 내뿜는 5 등급 차량들이 그 대상인데요, 위반 차량에 겐 25만 원의 과태료가 부과됩니다.', '서울시는 오늘부터 미세 먼지 저감장치를 달지 않은 배출가스 5 등급 차량의 시내 운행을 제한했습니다.', '이른바 녹색 교통지역이라 불리는 사대문 안쪽에서 아침 6시부터 밤 9시까지 주요 진 출입로 45 곳을 중점 단속해 이를 위반한 배출가스 5 등급 차량에 과태료 25만 원을 부과합니다.']",['차량'],885,18.983050847457626
사회,"'백원우 특감반' 수사관 숨진 채 발견...""죄송하다""",YTN,https://news.naver.com/main/ranking/read.nhn?rankingType=popular_day&oid=052&aid=0001371938&date=20191201&type=2&rankingSectionId=102&rankingSeq=30,"['동영상 뉴스 [ 앵커] 청와대 민정비서관 실에서 특감 반원으로 근무했던 검찰 수사관이 숨진 채 발견됐습니다.', '하명 수사 의혹을 받고 있는 김 기현 전 울산시장 사건에 연루됐다고', '홍성 욱 기자! 숨진 검찰 수사관, 하명 수사 의혹을 받고 있는 김 기현 전 울산시장 사건에 연루됐다고']",['검찰'],953,25.918153200419724
생활/문화,신혼집 텐트 짊어지고 세계로···4년째 신혼여행 중인 이 부부,중앙일보,https://news.naver.com/main/ranking/read.nhn?rankingType=popular_day&oid=025&aid=0002956824&date=20191201&type=2&rankingSectionId=103&rankingSeq=1,"['한 달에 하루 정도는 ‘ 제로 데이’ 라 아무것도 하지 않고 마을에서 쉰다.', '시에 라 구간에서 텐트 밖을 바라보며 찍은 사진. 하늘 씨가 설맹으로 고생하며 며칠 간 텐트에 누워 있기만 한 때였다.', '우리의 행복을 함께 하자고.']",['여행'],1700,41.94117647058824
생활/문화,여왕은 왜 드레스를 벗어던졌나···레깅스 입은 겨울왕국 엘사,중앙일보,https://news.naver.com/main/ranking/read.nhn?rankingType=popular_day&oid=025&aid=0002956822&date=20191201&type=1&rankingSectionId=103&rankingSeq=2,"[""더 강력한 마법으로 돌아온 ' 겨울 왕국 2' 의 엘 사 여왕은 짧아진 드레스 안에 레깅스를 입었다. [ 사진 월 트디"", '', '즈니 컴 퍼니 코리아] "" 엘 사가 위험에 맞설 실용적인 옷"" 겨울 왕국 2에서 한층 성숙한 모습으로 모험에 나서는 엘 사· 안 나 자매와 그 친구들. [ 월 트디']",['바지'],718,24.651810584958216
생활/문화,"짐 로저스 로저스홀딩스 회장 ""내년 세계경제 큰 위기 온다…金·농산물 유망""",한국경제,https://news.naver.com/main/ranking/read.nhn?rankingType=popular_day&oid=015&aid=0004250465&date=20191201&type=1&rankingSectionId=103&rankingSeq=3,"['그래서 투자하는 것이다.', '트럼프는 ‘ 무역전쟁은 좋은 것’ 이라고 생각하는 듯하다.', '”“ 자유란 ‘ 하고 싶은 일을 하는 것’ 이지 자동차나 비행기, 집이나 요트를 살 수 있는 게 아니다.']",['경제'],493,31.44016227180527
생활/문화,화순 주차장 사건의 진짜 최종결말,경향신문,https://news.naver.com/main/ranking/read.nhn?rankingType=popular_day&oid=032&aid=0002977946&date=20191201&type=1&rankingSectionId=103&rankingSeq=4,"['사진을 보면 주차장에 인접한 담벼락과 문 앞에 펜스가 있다.', '한 부부가 자신의 집 옆 공영 주차장 자리에 주차했다며 이틀에 걸쳐 ‘ 차 막’ 을 시 연해 외지에서 축제를 보러 온 시민이 봉변을 당한 화순 주차장 사건. 이 부부는 현장에 출동한 경찰에게도 “ 내 차에 손대지 말라 ”며 언성을 높였고, 그 과정이 동영상으로 찍혀 유 튜브에 그대로 공개됐다.', '(1353 호 언더 그라운드 기사 참조) 부부는 모여든 누리꾼에게 거듭 사과했고, 주차장 쪽으로 난 문을 폐쇄했다.']",['주차장'],304,30.92105263157895
생활/문화,'해도 해도 너무하네' 부산 모 여고 경비원 채용공고 분노 유발,한국경제,https://news.naver.com/main/ranking/read.nhn?rankingType=popular_day&oid=015&aid=0004249893&date=20191201&type=1&rankingSectionId=103&rankingSeq=5,"['지난 26일부터 28일까지 접수를 받은 이 여고의 경비원 채용 공고에는 평일 근무시간 6 시간, 주말 근무시간 9 시간이 게재돼 있다.', '이상한 점은 학교에 상주해야 하는 시간은 평일 16 시간, 주말 24시간인데 최저임금 8350원에 근무시간 월평균 104 시간으로 책정돼 기본급이 86만 8400원에 불과 하다는 점이다.', '이 여고는 근로 기준법상 휴게 시간의 상한이 없는 점을 악용해서 무려 평일 10 시간, 주말 15 시간의 어마어마한 휴게 시간을 할당해 놓고 16 시간을 학교에서 상주함에도 불구하고 단 6 시간만을 근로 시간에 포함시켜 임금을 책정했다.이']",['시간'],694,23.77521613832853
생활/문화,[박광식의 건강365] ‘노년기 폐렴’ 무시했다간 중환자 신세…골든타임 8시간,KBS,https://news.naver.com/main/ranking/read.nhn?rankingType=popular_day&oid=056&aid=0010769059&date=20191201&type=1&rankingSectionId=103&rankingSeq=6,"['폐렴의 경우 여러 백신이 있어, 어떻게 맞으면 좋을지 고민이 되는 부분인데요.', '바깥으로 배출되지 않고 폐 속 깊숙이 침투하는 겁니다.', '개발된 지 20년이 넘는 구형 백신과 최근에 나온 신형 백신 2 종류입니다.']",['폐렴'],20,50.0
생활/문화,엎친 데 덮친 격 ‘폐경’ 이후 복부비만에 심혈관 질환까지…,KBS,https://news.naver.com/main/ranking/read.nhn?rankingType=popular_day&oid=056&aid=0010769163&date=20191201&type=2&rankingSectionId=103&rankingSeq=7,"['폐경으로 여성 호르몬이 감소하면 내장지방이 늘어\u200b 뱃살도 급격히 찌게 되는데, 이 복부 비만을 방치하면 자칫 심혈관 질환으로 이어질 수 있다고 합니다.', '폐경으로 여성 호르몬이 감소하면서 남성처럼 내장지방이 늘기 때문입니다.', '서울의 대 연구 팀이 급성 흉통을 호소한 폐경 여성을 대상으로 심장 혈관 조영술 결과를 분석했더니 절반 가까이 심장 혈관이 막힌 것으로 드러났습니다.']",['여성'],106,34.90566037735849
생활/문화,"""신형 K5 디자이너 월급 더 줘라""…해외서도 인기폭발",데일리안,https://news.naver.com/main/ranking/read.nhn?rankingType=popular_day&oid=119&aid=0002367661&date=20191201&type=1&rankingSectionId=103&rankingSeq=8,"['"" 기아 차의 신형 (3 세대) K5를 처음 접한 한 해외 네티즌의 반응이다.', '미국의 유서 깊은 자동차 전문지 모터 트렌드 (Motortrend) 는 ‘ 신 형 옵티마는 스포츠 패스트 백처럼 보인다’ 는 제목의 기사에서 “ 옵티마는 지붕이 쿠페처럼 낮고 트렁크는 짧다.', '신형 K5 의 디자인이 공개됐을 때 수많은 국내 소비자들이 ‘ 역동적이다’, ‘ 멋지다’, ‘ 리틀 스팅어가 등장했다’ 라는 반응을 보였다.']",['자동차'],138,34.05797101449276
생활/문화,[신車털기] 알리지도 못하고 연식변경 앞둔 닛산 간판 세단…뉴 맥시마,한국경제,https://news.naver.com/main/ranking/read.nhn?rankingType=popular_day&oid=015&aid=0004250202&date=20191201&type=1&rankingSectionId=103&rankingSeq=9,"['한국닛산이 지난 9월 출시한 뉴 맥시 마. 사진= 오세 성 한 경 닷컴 기자 한국닛산이 지난 9월 출시한 뉴 맥시 마. 사진= 오세 성 한 경 닷컴 기자 뉴 맥시 마 후면 부 모습. 듀얼 머플러로 스포 티 감성을 더했다.', '사진= 오세 성 한 경 닷컴 기자 뉴 맥시 마는 대형 세단에 걸맞는 편안한 승차감을 제공한다.', '사진= 오세 성 한 경 닷컴 기자 뉴 맥시 마는 대형 세단에 걸맞는 편안한 승차감을 제공한다.']",['맥시'],143,20.27972027972028
생활/문화,"""붐비는 호캉스는 싫다""…투숙객 전용 라운지 인기",연합뉴스,https://news.naver.com/main/ranking/read.nhn?rankingType=popular_day&oid=001&aid=0011248481&date=20191201&type=1&rankingSectionId=103&rankingSeq=10,"[""' 르 살롱'[ 롯데 호텔 서울 제공] ' 르 살롱'[ 롯데 호텔 서울 제공] ' 더 이 그제 큐 티브 라운지'[ 서울 신라 호텔 제공] ' 더 이 그제 큐 티브 라운지'[ 서울 신라 호텔 제공] 롯데 호텔· 신라 호텔 라운지 이용객 증가( 서울= 연합 뉴스) 김 보경 기자 = 연말을 맞아 ' 호 캉스'( 호텔+ 바캉스 )를 하는 사람들이 늘면서 클럽 라운지가 호텔 선택의 주요 요소로 떠오르고 있다."", ""일 롯데 호텔 서울에 따르면 서울 중구 롯데 호텔 서울 이 그제 큐 티브 타워 16 층에 있는 ' 르 살롱' 은 지난달 이용객이 전년 같은 기간 대비 2 배 가량 늘었다."", '롯데 호텔 서울은 전했다.']",['티브'],11,45.45454545454545
생활/문화,현대차 딜러가 '그랜저 하이브리드'를 비추한 까닭,머니S,https://news.naver.com/main/ranking/read.nhn?rankingType=popular_day&oid=417&aid=0000477660&date=20191201&type=1&rankingSectionId=103&rankingSeq=11,"['현대 차는 11월 19일 더 뉴 그랜저를 4가지 엔진 라인업으로 출시했다.', '현대 차 딜러가 홍씨에게 그랜저 하이브리드를 추천하지 않은 이유는 뭘 까. 홍 씨의 연간 주행거리가 1만 ㎞에서 1만 5000㎞ 사이에 불과하기 때문이다.', '공인 연비만 놓고 보면 하이브리드 구매 시 연료비 부담이 대폭 줄어들 것으로 생각하기 쉽지만 실상은 다르다.']",['하이브리드'],55,32.72727272727273
생활/문화,줄기세포 치료 후 연골 재생…퇴행성관절염 치료 ‘신세계’ 열렸다[양종구 기자의 100세 시대 건강법],동아일보,https://news.naver.com/main/ranking/read.nhn?rankingType=popular_day&oid=020&aid=0003256230&date=20191201&type=1&rankingSectionId=103&rankingSeq=12,"['‘ 천하장사’ 장성 우의 수술을 집도한 송 준섭 강남 제이에스병원 원장 (50) 은 “ 무릎 연골 줄기세포 치료법은 획기적이다.', '50대에 퇴행성 관절염이 오면 10년 넘게 고생하다 인공 관절 수술을 받아야 했다.', '제대 혈 줄기세포 연골 수술에 들어가는 비용은 아직 보험이 적용되지 않아 1500~2500 만 원이다.']",['줄기세포'],355,43.38028169014084
생활/문화,혈당을 자연스럽게 낮추는 방법 3,코메디닷컴,https://news.naver.com/main/ranking/read.nhn?rankingType=popular_day&oid=296&aid=0000043481&date=20191201&type=1&rankingSectionId=103&rankingSeq=13,"['하지만 당뇨병을 진단 받은 사람은 건강한 사람보다 혈당 수치가 높다.', '꾸준한 운동 짧은 시간 가볍게 라도 운동하면 올라갔던 혈당 수치가 내려가게 된다.', '탄수화물 섭취량이 늘어나면 혈당이 높아 진다는 것이다.']",['혈당'],19,42.10526315789473
생활/문화,'살았다 뚜루루뚜루~' 총알 막아 아기 구한 '아기상어' 인형,머니투데이,https://news.naver.com/main/ranking/read.nhn?rankingType=popular_day&oid=008&aid=0004318043&date=20191201&type=1&rankingSectionId=103&rankingSeq=14,"['미국 위스 콘 신주 매디슨에서 총격 사건이 발생한 가운데 3 살배기 아이가 가지고 놀던 노란색 아기 상어 인형 속에서 총알이 발견됐다.', '/ 사진 =CNN 미국 위스 콘 신주 매디슨에서 총격 사건이 발생한 가운데 3 살배기 아이가 가지고 놀던 노란색 아기 상어 인형 속에서 총알이 발견됐다.', '▶0.000001% 부자의 금욕 생활 ▶"" 유 승 준 진짜 올까"" [ 머니 투데이 박 가 영 기자] [ 위스 콘 신주 매디슨에서 총격 사건 발생… 잠들기 전까지 갖고 놀던 인형에 총알 박혀] 미국에서 \' 아기 상어\' (baby shark) 인형이 3 살 아이의 목숨을 구하는 일이 일어나 이목을 끌고 있다.1']",['사건'],48,25.0
생활/문화,매일 물만 8잔 쭉?…아리송한 건강 상식 5,코메디닷컴,https://news.naver.com/main/ranking/read.nhn?rankingType=popular_day&oid=296&aid=0000043476&date=20191201&type=1&rankingSectionId=103&rankingSeq=15,"['매일 물 8 잔을 꼭 마셔 라? 물만 이렇게 많이 마실 필요는 없다.', '성인은 하루 물 2.5ℓ 정도를 마셔야 한다.', '']",['브리'],34,44.11764705882353
생활/문화,[안구건조증]인공눈물 반쪽효과…증상 방치하면 녹내장 생긴다,뉴스1,https://news.naver.com/main/ranking/read.nhn?rankingType=popular_day&oid=421&aid=0004334797&date=20191201&type=1&rankingSectionId=103&rankingSeq=16,"['하지만 안구 건조증이 발생하면 적정 량의 눈물이 분비되지 않거나, 눈물층을 잘 유지하지 못해 불편함을 느낀다.', '안구 건조증 치료법은 인공 눈물을 안구에 공급하는 방법이 있지만, 중증일 때는 안 연고를 함께 사용한다.', '눈물의 지방층을 회복시켜 눈물의 증발을 줄여 주고 안구 건조증을 호전시킨다.']",['건조'],7,14.285714285714285
생활/문화,"피렌체 대형마트 카트에 꽂는 이것, 오 신박해",오마이뉴스,https://news.naver.com/main/ranking/read.nhn?rankingType=popular_day&oid=047&aid=0002248514&date=20191201&type=1&rankingSectionId=103&rankingSeq=17,"['▲ 유 네스 코 세계문화 유산 구역을 나타내는 표지판 피렌체 미국 총영사관 근처에 있다 ⓒ 박기 철 ▲ 남겨 진 쓰레기들 상점들이 철수한 뒤 수많은 쓰레기가 널려 있다 ⓒ 박기 철 ▲ 피렌체의 청소차 강력한 물줄기로 빠르게 길거리를 청소한다 ⓒ 박기 철 ▲ 피렌체 트램 로마의 트램보다 훨씬 깨끗하고 신형이다 ⓒ 박기 철 ▲ 마트 입구에 있는 단말기 입장할 때 이걸 하나씩 가지고 들어간다 ⓒ 박기 철 ▲ 카트에 꽂힌 단말기 물건을 카트에 담을 때마다 이 단 말기로 바코드를 찍으면 된다 ⓒ 박기 철 ▲ 셀프 계산대 누구나 간편하게 계산할 수 있다 ⓒ 박기 철 ▲ 코 나드 시티 피렌체 곳곳에 있다 ⓒ 박기 철 [ 오 마이 뉴스 박기 철 기자] 피렌체는 유명 관광지가 모여 있는 중심부 전체가 유 네스 코 문화 유산으로 지정되어 있다.', '하지만 이 때문에 우리는 피렌체를 과거의 모습으로만 인식하고 있는지도 모른다.', '피렌체는 가죽이 유명하다.']",['피렌체'],14,50.0
생활/문화,전국 흐리고 곳곳에 눈·비…해안가 강풍 유의,연합뉴스,https://news.naver.com/main/ranking/read.nhn?rankingType=popular_day&oid=001&aid=0011248251&date=20191201&type=1&rankingSectionId=103&rankingSeq=18,"['이날 오전 5시 현재 기온은 서울 4.8도, 인천 5.6도, 수원 4.7도, 춘천 5.2도, 강릉 8.2도, 청주 6.0도, 대전 5.6도, 전주 6.6도, 광주 7.7도, 제주 12.2도, 대구 7.1도, 부산 10.8도, 울산 9도, 창원 8.5도 등이다.', '먼바다 파고는 서해 0.5∼2.5ｍ, 남해 0.5∼4.0ｍ, 동해 1.0∼3.0ｍ 로 예보됐다.', '제 주도 전 해상과 남해 먼바다· 동해 남부 먼바다는 바람이 매우 강하고 물결이 높아 풍랑 특보가 발표될 가능성이 있다.']",['서울'],11,27.27272727272727
생활/문화,행복을 가로막는 독소 같은 생각 7가지,코메디닷컴,https://news.naver.com/main/ranking/read.nhn?rankingType=popular_day&oid=296&aid=0000043478&date=20191201&type=1&rankingSectionId=103&rankingSeq=19,"['리스트를 보며 하나씩 일을 해결해 나가면 성취감이 생기고 휴식을 취할 때도 한결 마음이 편안 해진다.2.', '심리적인 동요가 일어나면 현재의 상황을 과장해 부정적으로 평가한다.', '예를 들어 학기말 고사 하나를 못 본 것으로, 대학 시험을 망칠 것이라고 생각하거나 더 나아가 향후 취업을 못하게 될 것이라는 생각까지 하게 된다는 것. 이런 생각에서 벗어나려면 일어날 수 있는 모든 결과물을 함께 고려하는 것이 중요하다.']",['생각'],26,50.0
생활/문화,[시승기]성공=그랜저…30대 잡으러 3년 만에 옷 갈아입었다,뉴스1,https://news.naver.com/main/ranking/read.nhn?rankingType=popular_day&oid=421&aid=0004335330&date=20191201&type=1&rankingSectionId=103&rankingSeq=20,"['실제로 만 나 본 더 뉴 그랜저의 전면 부는 기존 그랜저가 생각이 나지 않을 정도로 파격적이다.', '더 뉴 그랜저는 지난 4일부터 18일까지 영업 일 기준 11일 동안 사전계약 3만 2179대를 기록했다.', '2만 7491대를 4688대 차이로 넘어서며 최고 기록을 까 분히 갈아치웠다.']",['그랜저'],92,31.521739130434785
생활/문화,"장윤주 ""예쁜 몸으로 팔다리 휘젓는 모델?""..무용강사도 감탄",이데일리,https://news.naver.com/main/ranking/read.nhn?rankingType=popular_day&oid=018&aid=0004528598&date=20191201&type=1&rankingSectionId=103&rankingSeq=21,"['모델 장 윤주 ( 사진= 보그 코리아) [ 이 데일리 박 지혜 기자] 모델 장 윤주가 무용강사도 감탄한 ‘ 인생 화보 ’를 남기며 도전 정신과 노력을 강조했다.', '이번 화보에서 장 윤 주는 몸매를 드러내는 데 그치지 않고, 몸을 사용해 역동적인 포즈를 선보였다.', '앞서 그가 SNS에 공개한 ‘ 토슈즈 신고 서 있기’ 또한 이번 화보를 준비하는 과정이었다.']",['무용'],34,55.88235294117647
생활/문화,내일부터 본격 겨울 추위...출근길 곳곳 '결빙',YTN,https://news.naver.com/main/ranking/read.nhn?rankingType=popular_day&oid=052&aid=0001371900&date=20191201&type=2&rankingSectionId=103&rankingSeq=22,"['비가 그치고 내일 아침부터 본격적인 영하권 추위가 시작된다고 하는데요. 자세한 날씨 알아봅니다.', '최 현미 캐스터! 서울은 아침부터 계속 비가 내리고 있군요?', '서울 아침 기온 영하 2 도로 오늘보다 7도 가량 낮겠고요,']",['서울'],16,25.0
생활/문화,노브랜드가 바꾼 전통시장…젊은 손님들로 북적,매일경제,https://news.naver.com/main/ranking/read.nhn?rankingType=popular_day&oid=009&aid=0004473874&date=20191201&type=1&rankingSectionId=103&rankingSeq=23,"['"" 대전 중구 산성 뿌리시장의 김 태성 상인회장은 "" 지난달 노 브랜드 상생 스토어가 오픈한 이후 전통시장을 찾는 손님이 늘면서 오히려 매출이 늘었다"" 고 말했다.', '손님이 줄면서 침체에 빠졌던 전통시장이 노 브랜드 상생 스토어와 함께 활력을 되찾고 있다.', '당 진 어시장은 2015년 현대화 작업으로 새 건물에 입주했지만 2 층 운영 주체를 찾지 못해 공실이었다.']",['브랜드'],160,31.874999999999996
생활/문화,필요할 때만 안경 쓰는데… 눈에 무리 없을까?,헬스조선,https://news.naver.com/main/ranking/read.nhn?rankingType=popular_day&oid=346&aid=0000029404&date=20191201&type=1&rankingSectionId=103&rankingSeq=24,"['안경을 썼다 벗었다 하는 행위는 눈 건강에 영향을 미치지 않는다.?', '따라서 안경을 썼다 벗었다 하는 행위는 눈 건강에 영향을 미치지 않는다.', '노안이 발생하면 돋보기 안경이나 다 초점 안경을 착용하거나, 평소에 근시 안경을 착용하는 사람은 안경을 벗는 것으로 근거리 시력을 교정할 수 있다.']",['발생'],7,42.857142857142854
생활/문화,"연말 극장가, 국내외 대작 불꽃 튀는 경쟁",YTN,https://news.naver.com/main/ranking/read.nhn?rankingType=popular_day&oid=052&aid=0001371743&date=20191201&type=2&rankingSectionId=103&rankingSeq=25,"['백두산, 천문 등 한국영화 대작부터 뮤지컬 캣츠를 영화화한 작품까지 다양합니다.', ""' 천 문' 은 조선의 두 천재 세종 대왕과 장영실의 숨겨 진 이야기입니다."", ""영화 ' 캣츠' 도 연말 기대작 중의 하나입니다.""]",['배우'],25,28.000000000000004
생활/문화,[날씨] 오늘 전국 비…내일 새벽까지 이어져,KBS,https://news.naver.com/main/ranking/read.nhn?rankingType=popular_day&oid=056&aid=0010769051&date=20191201&type=2&rankingSectionId=103&rankingSeq=26,"['현재 서울을 비롯한 서쪽 지역 곳곳에서 비가 약하게 내리고 있는데요. 이 비는 낮에 점차 전국 대부분 지역으로 확대되겠습니다.', '내일 아침 기온은 영하 2 도로 오늘보다 6도 정도 떨어지겠고요.', '현재 기온은 서울이 4.8 도로 어제 같은 시각 대보다 5도 정도 높습니다.']",['지역'],11,45.45454545454545
생활/문화,"""중형세단 스타일 기준 격상""… 호평 쏟아진 `신형 K5`",디지털타임스,https://news.naver.com/main/ranking/read.nhn?rankingType=popular_day&oid=029&aid=0002571157&date=20191201&type=1&rankingSectionId=103&rankingSeq=27,"['♨ HOT!! 포 토 [ 디지털 타임스 김 양 혁 기자] 기아자 동차가 4년 만에 선보인 3 세대 K5( 사진) 의 디자인에 대한 해외 호평이 잇따르고 있다.', '미국 자동차 전문 매체 모터 1은 "" 한국 자동차 브랜드의 디자인이 순조롭게 나아가고 있다는 증거 ""라고 했고, 독일 아우 토 빌 트는 "" 신 형 옵티마의 디자인은 자신감 있고 스포티하다"" 고 평가했다.', ""◇10 년 맞은 K 시리즈… 신형 K5 ' 제 2 전성기' 이끈다 = K5 가 속한 기아 차의 'K 시리즈' 는 올해 출시 10년을 맞았다.""]",['디자인'],35,31.428571428571427
생활/문화,"은을 2톤이나 녹여 만든 무덤 조각상, 왜 이렇게까지",오마이뉴스,https://news.naver.com/main/ranking/read.nhn?rankingType=popular_day&oid=047&aid=0002248483&date=20191201&type=1&rankingSectionId=103&rankingSeq=28,"['ⓒ 노 시경 ▲ 성 이르지 성당 내부. 오랜 역사의 성당 내부는 너무나 고풍스럽다.', '종교적 이유로 반대 파를 창 밖으로 던져 죽인 잔인성은 경악을 금치 못하게 한다.', '미술관답게 곳곳에 전시된 회화작품들은 다양한 아름다움을 선보이고 있다.']",['성당'],16,68.75
생활/문화,"이엘, 이설과 여행…안락사 직전 구조한 고양이와 행복 '훈훈'",뉴스1,https://news.naver.com/main/ranking/read.nhn?rankingType=popular_day&oid=421&aid=0004334740&date=20191201&type=1&rankingSectionId=103&rankingSeq=29,"['이 엘 인스타 그램 © 뉴스 1 이 엘 인스타 그램 © 뉴스 1 ( 서울= 뉴스 1) 최서 윤 기자 = 이 엘이 안락사 직전 구조한 고양이를 입양해 행복한 삶을 살고 있는 모습이 훈훈함을 자아내고 있다.30', ""현재 키우고 있는 고양이 탱고는 동물보호단체 ' 나비야 사랑해' 가 안락사 직전 구조한 유기 묘로 이 엘이 지난 2017년 입 양해 함께 살고 있다."", '최근 자신의 인스타 그램에 탱고와 함께 있는 사진을 올리며 "" 너무너무 사랑하고 행복하고 짠하고 애틋하다"" 고 적어 주목받기도 했다.']",['동물'],5,60.0
생활/문화,쉐보레 수입차종 12월 판매분부터 수입차協서 집계,데일리안,https://news.naver.com/main/ranking/read.nhn?rankingType=popular_day&oid=119&aid=0002367653&date=20191201&type=1&rankingSectionId=103&rankingSeq=30,"['쉐보 레 트래버스 ⓒ 한국 GM 쉐보 레 트래버스 ⓒ 한국 GM 지난 9월 한국수입자동차 협회 (KAIDA )에 가입한 ‘ 쉐보 레’ 브랜드의 차종들이 12월 판매 분부터 수입 차 통계에 잡힐 것으로 보인다.', '한국 GM 측은 12월부터 는 콜로 라도와 트래버스 판매가 본격화되는 만큼 12월 판매분 수입 차 집계 포함은 확실하다는 입장이다.', '한국 GM은 쉐보 레 브랜드로 수입해 판매하는 모델들이 수입 차 협회 집계에 포함될 경우 다른 수입 차들과 같은 선상에서 평가 받아 가격적인 측면에서 강점을 어필할 수 있을 것으로 기대하고 있다.']",['수입'],16,37.5
세계,"입으로 소변 800㎖ 받아냈다, 비행기서 노인 살린 中의사",중앙일보,https://news.naver.com/main/ranking/read.nhn?rankingType=popular_day&oid=025&aid=0002956895&date=20191201&type=1&rankingSectionId=104&rankingSeq=1,"['[ 중국 인민 망 캡 처] 중국 의사 장훙이 중국에서 미국으로 가는 비행기 안에서 소변을 배출하지 못하는 환자의 오줌을 입으로 받아 배출하고 있다.', '[ 중국 환 구 망 캡 처] 중국 의사 샤오잔샹이 환자의 소변 배출이 용이하도록 돕고 있다.', '[ 중국 환 구 망 캡 처] 중국 의사 샤오잔샹이 환자의 소변 배출이 용이하도록 돕고 있다.']",['의사'],1249,50.84067253803043
세계,‘살인미수→가정폭력’ 혐의 낮춰 남편 풀려난 뒤 살해된 아내,국민일보,https://news.naver.com/main/ranking/read.nhn?rankingType=popular_day&oid=005&aid=0001264160&date=20191201&type=1&rankingSectionId=104&rankingSeq=2,"[""EPA= 연합 뉴스 지난 25일( 현지시간) 멕시코 시티에서는 ' 세계 여성폭력 추방의 날' 을 맞아 여성들이 시위에 나섰다."", ""EPA= 연합 뉴스 지난 25일( 현지시간) 멕시코 시티에서는 ' 세계 여성폭력 추방의 날' 을 맞아 여성들이 시위에 나섰다."", ""AFP= 연합 뉴스 지난 25일( 현지시간) 멕시코 시티에서는 ' 세계 여성폭력 추방의 날' 을 맞아 여성들이 시위에 나섰다.""]",['멕시코'],275,33.45454545454545
세계,총 맞은 아기상어 인형…3살 아기 목숨 구했다,중앙일보,https://news.naver.com/main/ranking/read.nhn?rankingType=popular_day&oid=025&aid=0002956951&date=20191201&type=1&rankingSectionId=104&rankingSeq=3,"['이 과정에서 경찰은 3세 소녀가 가지고 있던 아기 상어 봉제 인형에서 탄피를 발견했다.', '사건 당시 주택 물받이를 맞고 튀어나온 총알이 가정집 벽을 관통해 잠든 아이 근처까지 날아갔고, 아기 상어 인형에 총알이 박힌 것으로 조사됐다.', '아기 상어 인형은 아이의 머리에서 불과 15~20 ㎝ 떨어져 있었다.']",['상어'],276,28.26086956521739
세계,"日 교도통신 ""아베 총리, UN서 연설하려다 거부당해""",YTN,https://news.naver.com/main/ranking/read.nhn?rankingType=popular_day&oid=052&aid=0001371659&date=20191201&type=1&rankingSectionId=104&rankingSeq=4,"['지난 29일 일본 교도 통신은 다수의 일본 정부 관계자 말을 빌려 지난 9월 미국 뉴욕 UN 본부에서 열린 기후변화 정상 회의 당시 일본 정 부가 아베 총리의 연설을 요청했으나 UN 측이 거절했다고 밝혔다.', '', '또 안토니 우 구 테 흐스 UN 사무총장이 회의 개최에 앞서 "" 아름다운 연설이 아니라 구체적인 계획을 마련해야 한다 ""라고 요청한 것으로 알려 졌다.']",['회의'],315,32.06349206349206
세계,"인도서 또 잔혹 성폭행·살인…수천명 ""범인 넘겨라"" 항의 시위",연합뉴스,https://news.naver.com/main/ranking/read.nhn?rankingType=popular_day&oid=001&aid=0011248633&date=20191201&type=1&rankingSectionId=104&rankingSeq=5,"['11월 30일 인도 하이 데라 바드 인근에서 집단 성폭행· 살인 사건에 항의하는 주민들. [ 로이 터= 연합 뉴스] 11월 30일 인도 하이 데라 바드 인근에서 집단 성폭행· 살인 사건에 항의하는 주민들. [ 로이 터= 연합 뉴스] 11월 30일 인도 하이 데라 바드 인근에서 집단 성폭행· 살인 사건에 항의하는 시위대. [AFP= 연합 뉴스] 11월 30일 인도 하이 데라 바드 인근에서 집단 성폭행· 살인 사건에 항의하는 시위대. [AFP= 연합 뉴스] "" 남성 4명, 집단 성폭행· 살해 뒤 불태워""… 시위대, 정의 요구( 뉴델리= 연합 뉴스) 김 영현 특파원 = 인도에서 또 잔혹한 성폭행· 살인 사건이 발생, 수천 명이 항의 시위에 나섰다.1', '이런 사실이 알려 지자 주민들이 경찰에 정의를 요구하면서 범인을 넘겨 달라며 시위에 나선 것이다.', '인도에서는 2012년 뉴델리 시내버스 안에서 20대 여대생이 집단으로 성폭행당한 뒤 잔인하게 살해된 사건이 널리 알려 지면서 집단 성폭행 최저 형량을 강화했지만, 관련 범죄는 여전히 범람하는 상황이다.']",['인도'],388,30.15463917525773
세계,"[르포]""삼성TV를 반값에""…역대급 '블프' 만든 美경제의 힘",이데일리,https://news.naver.com/main/ranking/read.nhn?rankingType=popular_day&oid=018&aid=0004528772&date=20191201&type=1&rankingSectionId=104&rankingSeq=6,"[""- 삼성 TV· 겨울 왕국 2 인 형· 비디오 게임· 애플 에어 팟 등 인기 - 오프라인→ 온라인 쇼핑 추세 변화했지만… 매장도 여전히 북적 - ' 매장 내 픽업' 전략… 온라인· 오프라인 동시 성장 끌어 내 - 폭 풍 소비, 견 조한 美 경제 때문… 올해 4 분기 성장률에 ' 긍정적' 사진 =AFP 사진 =AFP 사진 =AFP [ 뉴욕= 이 데일리 이 준 기 특파원] “ 삼성전자의 65인치 QLED TV를 거의 반값에 구매할 수 있는 절호의 기회잖아요. 어제 추수 감사절 (Thanksgiving day)에도 쇼핑하느라 피곤하긴 하지만 결코 놓칠 수 없죠."", '월 마트에서 10년 넘게 일했다는 직원 사라 구즈만 (55· 여) 씨는 “ 예전처럼 텐트를 치는 등의 풍광은 사라졌지만, 65인치 TV 등 인기 많은 상품은 여전히 경쟁이 치열하다 ”며 “ 인기 품목은 30분 안에 동나는 실정” 이라고 했다.', '소매 유통 컨설팅업체인 쇼 퍼트 랙의 브라 이언 필드 책임자는 로이터통신에 “ 매장 내 픽업은 모두 온라인 구매로 잡히지만, 오프라인 매장의 매출을 끌어올리는 데 한몫을 한다” 고 했다.']",['온라인'],180,38.88888888888889
세계,"""필리핀에서 택시 탈 때는 강도 숨어 있는지 먼저 살펴야""",연합뉴스,https://news.naver.com/main/ranking/read.nhn?rankingType=popular_day&oid=001&aid=0011248557&date=20191201&type=1&rankingSectionId=104&rankingSeq=7,"['이처럼 현지 운전기사와 공모한 강도가 조수석이나 뒷좌석에 숨어 있다가 범행을 저지르는 경우가 종종 발생하자 주 필리핀 한국 대사관은 최근 "" 연말연시에는 가급적 택시 이용을 자제해 달라 ""며 10가지 안전 수칙을 발표했다.', '한국 대사관은 안전 수칙에서 "" 택시를 탈 때는 조수석에 사람이 숨어 있는 경우가 있으니 반드시 확인하고 뒷좌석에 앉으라 "" 고 당부했다.', '또 운전기사가 권하는 음료나 껌, 사탕 등은 절대로 섭취하지 말아야 하며 휴대전화 문자 메시지를 자주 주고받는 운전기사를 주의 하라고 안내했다.']",['택시'],248,25.403225806451612
세계,"""韓 방위비 부담 분담에 상당한 기여""",MBC,https://news.naver.com/main/ranking/read.nhn?rankingType=popular_day&oid=214&aid=0000997453&date=20191201&type=2&rankingSectionId=104&rankingSeq=8,"['동영상 뉴스 [ 뉴스 투데이] 주한미군 방위비 분담금 협상이 모레부터 재개될 예정인 가운데 미국 의회가 한국이 그간 상당한 기여를 해 온 점을 고려해야 한다는 입장을 내놓았습니다.', '현지시간 30일 미국 의회가 심의 중인 2020 회계 연도 국방 수권법 법안에서 상원은 한국은 상당한 부담 분담을 하고 있다면서 GDP 대비 국방비 지출이 약 2.5% 수준으로 미국 동맹국 중 가장 높은 수준이라고 밝혔습니다.', '또 캠프 험프리 스 기 지 건설과 같은 직접 비용 분담과 기타 동맹 관련 지출을 통해서도 공동 안보 강화에 상당한 재정적 기여를 해 왔다고 평가 했습니다.']",['분담'],198,32.82828282828283
세계,도쿄 도심서 反韓 시위…'맞불시위'에 더 많이 참가,연합뉴스,https://news.naver.com/main/ranking/read.nhn?rankingType=popular_day&oid=001&aid=0011249265&date=20191201&type=1&rankingSectionId=104&rankingSeq=9,"[""' 일본의 권리를 지키는 시민 모임' 등 일본 극우 단체 회원들이 1일 오후 도쿄 신주쿠에서 벌인 반한( 反韓) 시위 현장에 등장한 ' 한국 정벌' 펼침 막. ' 일본의 권리를 지키는 시민 모임' 등 일본 극우 단체 회원들이 1일 오후 도쿄 신주쿠에서 벌인 반한( 反韓) 시위 현장에 등장한 ' 한국 정벌' 펼침 막. 일본 극우 단체 회원들이 1일 오후 도쿄 신주쿠에서 개최한 반한 집회 현장 모습. 일본 극우 단체 회원들이 1일 오후 도쿄 신주쿠에서 개최한 반한 집회 현장 모습. 일본 극우 단체 회원들이 1일 오후 도쿄 신주쿠 역 주변에서 한일 국교 단절을 주장하며 거리 행진을 하고 있다."", ""붉은색 조끼 착용 자와 제복을 입은 사람은 경찰관. ' 일본의 권리를 지키는 시민 모임' 등 일본 극우 단체 회원들이 1일 오후 도쿄 신주쿠에서 한국과의 국교 단절 등을 주장하는 집회를 열고 있는 가운데 이에 반대하는 고 야나기 시게루 씨가 ' 비열한 차별을 지금 당장 중단하라' 는 내용의 손 팻말을 들고 있다."", ""' 일본의 권리를 지키는 시민 모임' 등 일본 극우 단체 회원들이 1일 오후 도쿄 신주쿠에서 한국과의 국교 단절 등을 주장하는 집회를 열고 있는 가운데 이에 반대하는 고 야나기 시게루 씨가 ' 비열한 차별을 지금 당장 중단하라' 는 내용의 손 팻말을 들고 있다.""]",['주장'],357,28.291316526610643
세계,"인니 체조 선수 ""순결 잃었다며 코치가 선수단서 쫓아내""",아시아경제,https://news.naver.com/main/ranking/read.nhn?rankingType=popular_day&oid=277&aid=0004581712&date=20191201&type=1&rankingSectionId=104&rankingSeq=10,"['인 니 체조 선수, 동남아게임 선수단 퇴출 / 사진= 안 타라 통신 인 니 체조 선수, 동남아게임 선수단 퇴출 / 사진= 안 타라 통신 [ 아시아 경제 임 주형 인턴기자] 인도네시아의 10 대 체조선수가 처녀가 아니라는 의심을 받아 2019 동남아시아 경기 대회 (SEA) 게임 선수단에서 퇴출당했다고', '의심해 코치가 SEA 선수단에서 쫓아냈다 ""며 말했다.', '의심한 것이다 ""라고 주장했다.']",['샤르'],90,41.11111111111111
세계,[특파원리포트] 홍콩섬 새떼 집단 폐사 사건…불법 시위 참여한 죄?,KBS,https://news.naver.com/main/ranking/read.nhn?rankingType=popular_day&oid=056&aid=0010769068&date=20191201&type=1&rankingSectionId=104&rankingSeq=11,"['경찰과 시위 학생 간 며칠 동안 격렬했던 충돌이 있고 난 뒤다.', '월 20일 침사 추이 시위 현장. 미처 경찰의 최루탄을 피하지 못한 비둘기 한 마리가 정신을 못 차리고 땅에서 이리저리 헤매고 있다.', '최루 가스에 노출된 사람에게 응급 처치하듯이, 비둘기의 눈에 생수를 흘리고, 깃털에 묻은 최루 가스까지 말끔히 씻어 준다.']",['시위'],57,24.561403508771928
세계,"인니 체조 선수 ""순결 잃었다는 의심받고 선수단서 쫓겨나""",연합뉴스,https://news.naver.com/main/ranking/read.nhn?rankingType=popular_day&oid=001&aid=0011248076&date=20191201&type=1&rankingSectionId=104&rankingSeq=12,"['의심해 코치가 SEA 선수단에서 쫓아냈다"" 고 억울함을 호소했다.', '이어 "" 코치는 내 딸이 순결을 잃었다고 의심했다.', '샤르 파는 항의 서한과 함께 순결 확인서를 조 코 위도도 대통령과 국가 체육위원회 (KONI), 체육부에 제출했다.']",['인도네시아'],186,24.193548387096776
세계,비행기내 응급환자 소변 빨아낼 수 밖에 없었던 이유,머니투데이,https://news.naver.com/main/ranking/read.nhn?rankingType=popular_day&oid=008&aid=0004318018&date=20191201&type=1&rankingSectionId=104&rankingSeq=13,"['비행기에서 환자의 소변을 직접 입으로 빨아내는 장훙의 모습./ 사진= 중국 CCTV 비행기에서 환자의 소변을 직접 입으로 빨아내는 장훙의 모습./ 사진= 중국 CCTV 기내 응급환자 처치를 위해 논의 중인 중국 의사들과 승무원./ 사진= 중국 CCTV 기내 응급환자 처치를 위해 논의 중인 중국 의사들과 승무원./ 사진= 중국 CCTV ▶ 아빠와 성이 다른 딸, 청 첩장 어떡하죠', '▶0.000001% 부자의 금욕 생활 ▶"" 유 승 준 진짜 올까"" [ 머니 투데이 박 가 영 기자] [ 응급장치 작동 여의치 않자 직접 소변 흡입…"" 다른 것 생각할 시간 없었다"" ] 중국 의사 2명이 비행기에서 방광이 파열될 위험에 놓인 승객을 구한 사실이 뒤늦게 알려 져 화제다.', '터라 방광의 자발적 수축 기능이 약 해져 오줌을 빼낼 수 없었다.']",['소변'],54,48.148148148148145
세계,"북, 아베 맹비난…""진짜 탄도미사일 보게 될 것"" 경고",JTBC,https://news.naver.com/main/ranking/read.nhn?rankingType=popular_day&oid=437&aid=0000225472&date=20191201&type=2&rankingSectionId=104&rankingSeq=14,"[""아베 총리가 이틀 전 북한이 쏜 ' 방 사포 '를 ' 탄도 미사일' 로 규정하자 내놓은 담화입니다."", ""[ 기자] 지난 28일 북한이 발사체를 쏜 직후, 일본은 이를 곧바로 ' 탄도 미사일' 로 규정했습니다."", '[ 아 베 신조/ 일본 총리 ( 지난 28일) : 북한이 발사한 다연장 탄도 미사일은 국제사회에 심각한 위협입니다.]']",['북한'],624,29.00641025641026
세계,"김정은, 가죽 롱코트 '파격 패션'...'김일성 룩' 탈피",한국경제TV,https://news.naver.com/main/ranking/read.nhn?rankingType=popular_day&oid=215&aid=0000828340&date=20191201&type=1&rankingSectionId=104&rankingSeq=15,"['후계자 지명 때부터 조부 김일성 주석을 닮은 외양으로 주목을 받았던 김 위원장은 지금껏 외모적으로 나 정치적으로 김 주석을 모방하는 양상을 보여 왔다.', '김 위원장은 김 주석과 똑같이 짧게 친 머리 스타일을 고수했으며, 주요 행사 때는 김 주석을 떠올리게 하는 옷차림과 행동을 서슴지 않았다.', '지난 4월 24일 러시아 블라 디 보스 토크 방문 당시 김 위원장은 김 주석이 즐기던 검은색 오버 코트와 중절모 차림을 따라 했으며, 코트 안쪽으로 오른손을 넣는 김 주석의 버릇도 여러 차례 재현했다.']",['위원장'],187,23.52941176470588
세계,"비행기서 방광 터질 뻔한 노인, 중국 의사들 직접 빨대로 소변 빨아내 구해 [아니 뭐 이런 뉴스]",경향신문,https://news.naver.com/main/ranking/read.nhn?rankingType=popular_day&oid=032&aid=0002978021&date=20191201&type=1&rankingSectionId=104&rankingSeq=16,"['중국 의사 장훙이 지난달 19일 새벽 비행기 안에서 스스로 소변을 보지 못해 방광이 터질 위험에 처한 노인의 소변을 직접 빨대로 빨아 내 뱉어내고 있다.', '신 민망. 중국 의사 장훙이 지난달 19일 새벽 비행기 안에서 스스로 소변을 보지 못해 방광이 터질 위험에 처한 노인의 소변을 직접 빨대로 빨아 내 뱉어내고 있다.', '신 민망. 비행기에서 소변을 보지 못해 방광이 터질 위험에 처한 노인을 구한 중국 의사 2명이 소 셜 미디어 등에서 뒤늦게 화제다.']",['소변'],60,40.0
세계,"IS, '런던 브리지 테러' 배후 자처…""가석방 도중 범행""",MBC,https://news.naver.com/main/ranking/read.nhn?rankingType=popular_day&oid=214&aid=0000997452&date=20191201&type=2&rankingSectionId=104&rankingSeq=17,"['동영상 뉴스 [ 뉴스 투데이]◀ 앵커 ▶ 영국 런던 한복판에 있는 런던 브리지에서 대낮에 흉기 테러가 벌어져 시민 2명이 숨지고 3명이 다쳤습니다.', '사건이 발생한 건 현지시간 29일 오후 2시. 대낮에 벌어진 흉기 난동 테러에 남성 1명과 여성 1명 등 시민 2명이 숨지고 3명이 다쳤습니다.', '한 편 네덜란드 경찰이 현지시간 30일 헤이그 쇼핑 가에서 발생한 흉기 난동 사건의 용의자로 35 살의 노숙자를 체포했습니다.']",['흉기'],56,46.42857142857143
세계,"美의회 ""한국이 방위비 부담 분담에 상당한 기여…존중해야""",연합뉴스,https://news.naver.com/main/ranking/read.nhn?rankingType=popular_day&oid=001&aid=0011248247&date=20191201&type=1&rankingSectionId=104&rankingSeq=18,"[""한미 주한미군 방위비 분담금 협상 (PG)[ 정 연주 제작] 사진 합성· 일 러스트 한미 주한미군 방위비 분담금 협상 (PG)[ 정 연주 제작] 사진 합성· 일 러스트 미국, 주한미군 방위비 분담금 인상 압박 (PG) [ 정 연주 제작] 일 러스트 미국, 주한미군 방위비 분담금 인상 압박 (PG)[ 정 연주 제작] 일 러스트 상원, 국방예산 법안서 의견 표명… 하원은 정부에 보고서 제출 요구( 워싱턴= 연합 뉴스) 임 주영 특파원 = 주한미군 방위비 분담금 협상이 12월 3∼4 일 재개될 예정인 가운데 미 의회는 현재 심의 중인 내년도 국방 예산 법안에서 한국이 ' 부담 분담 '에 상당한 기여를 해 왔다는 입장을 보여 결과가 주목된다.30"", '하원 또한 법안에서 국방장관에게 한국, 일본에 요구할 분담금의 세부 내용을 제출하도록 요구, 견제에 나섰다.', '하원은 미군 주둔과 관련한 한국, 일본의 직· 간접 및 부담 분담 기여와 관련, 국방장관은 2020년 3월 1일, 2021년 3월 1일 이전에 외교 위와 군사 위에 해외 군사시설과 일본· 한국에 배치된 미군과 관련한 보고서를 제출해야 한다고 제시했다.']",['상원'],107,30.8411214953271
세계,"스벅 주문했더니 ""돼지"", 손님은 경찰관...결국 해고",서울경제,https://news.naver.com/main/ranking/read.nhn?rankingType=popular_day&oid=011&aid=0003659795&date=20191201&type=1&rankingSectionId=104&rankingSeq=19,"['트위터 캡 처 트위터 캡 처 [ 서울경제] 미국 오 클라 호마주의 한 스타벅스에서 경찰관에게 ‘ 돼지’ (pig )라고 인쇄된 음료를 줬다가 직원이 해고됐다.', '방송 30일( 현지시간) 보도에 따르면 오 클라 호마의 소도시 키퍼의 한 경찰관은 추수감사 절인 28일 같이 근무를 서는 동료들에게 주기 위해 스타벅스에서 커피 등 5 잔의 음료를 주문했다.', '이 소식을 알게 된 키퍼 경찰서 서장 조니 오 마라는 해당 스타벅스에 항의했으나 돌아온 답변은 사과가 아니라 ‘ 똑바로 된 라벨이 붙은 음료로 교환해 주겠다’ 는 것이었다.']",['경찰관'],43,30.23255813953488
세계,日 1·2위 조선사 전격 제휴...'세계 1위' 현대중공업 바짝 추격,조선일보,https://news.naver.com/main/ranking/read.nhn?rankingType=popular_day&oid=023&aid=0003490453&date=20191201&type=1&rankingSectionId=104&rankingSeq=20,"['일본 1위 조선업체 이마 바리가 운영하는 조선소 모습. / 트위터 캡 처 일본 1위 조선업체 이마 바리가 운영하는 조선소 모습. / 트위터 캡 처 일본 최대 조선업체인 이마 바리( 今治) 조선과 2위 업체인 재 팬 마린 유나이티드 (JMU) 가 자본· 업무 제휴에 합의했다고', '두 업체의 실적을 단순 합산하면 세계 1위인 현대 중공업을 넘볼 수 있게 된다.', '지난해 이마 바리 조선의 조선 건조 량은 449만 t( 톤 )으로 일본 1위를 차지했다.']",['업체'],183,30.05464480874317
세계,아동 음란물 본 미국인 징역10년…포르노 올린 한국인은 1년6개월,이데일리,https://news.naver.com/main/ranking/read.nhn?rankingType=popular_day&oid=018&aid=0004528704&date=20191201&type=1&rankingSectionId=104&rankingSeq=21,"['', '', '']",['아동'],216,30.09259259259259
세계,"궁지 몰린 아베 돈풀기 준비…""경제대책 107조원 넘을 듯""",연합뉴스,https://news.naver.com/main/ranking/read.nhn?rankingType=popular_day&oid=001&aid=0011248654&date=20191201&type=1&rankingSectionId=104&rankingSeq=22,"['[ 교도= 연합 뉴스 자료사진] "" 민간 자금 포함해 총 사업비 215조원 넘을 듯… 민간투자 촉구"""" 아베 노믹스 엔진 재 점화"" 내걸고 \' 벚꽃 행사\' 파문 돌파 시도( 도쿄= 연합 뉴스) 이 세원 특파원 = 일본 정부가 경기를 활성화하기 위해 조만간 내놓을 대책의 규모가 애초 예상보다 대폭 확대할 것으로 보인다.', '일본 정부는 이달 초 발표할 경제 대책에 10조 엔( 약 107조 7천 180억원) 이 넘는 재정 조치를 반영하기로 방침을 굳혔다고', ""이와 관련해 교도통신은 일본 정부가 기업 내부 유보 금 활용 등 ' 민간 투자 환기 '를 촉구할 계획이며 재정 조치 10조엔에 민간 기업의 융자나 지출을 포함하면 경제대책 총사업 비가 20조 엔( 약 215조 4천 360억원) 을 넘을 것이라고 보도했다.""]",['정부'],109,22.93577981651376
세계,美 상원 “주한미군 철수는 협상 불가” 못박아,한국일보,https://news.naver.com/main/ranking/read.nhn?rankingType=popular_day&oid=469&aid=0000444856&date=20191201&type=1&rankingSectionId=104&rankingSeq=23,"['앞서 지난달 중순 “ 미국의 ‘ 방위 비 분담금 5 배 인상’ 요구에 한국이 응하지 않을 경우, 주한미군 1개 여단 철수 방안을 검토 중” 이라고 했던 국내 한 언론의 보도를 미 국방부가 ‘ 오 보 ’라고 부인한 데 이어, 미 상원도 ‘ 고려 대상이 아니다 ’라고 일축한 셈이다.', '상원은 아울러 “ 한국이 방위비 부담 분담에 상당한 기여를 해 왔다” 고도 강조했다.', '하원도 동맹들에 ‘ 방위 비 압박’ 을 가하는 도 널드 트럼프 행정부를 상대로 “ 한국, 일본에 요구할 분담금의 세부 내용을 제출하라” 면서 견제에 나섰다.']",['상원'],279,34.40860215053764
세계,[특파원 24시] 야쿠자 자동소총 난사 보복전… 시민들 불안,한국일보,https://news.naver.com/main/ranking/read.nhn?rankingType=popular_day&oid=469&aid=0000444828&date=20191201&type=1&rankingSectionId=104&rankingSeq=24,"['그는 야마 구치 구미에서 파문된 상태로 알려 졌으나, 범행을 위한 위장 가능성도 제기되고 있다.', '그러나 2015년 8월 고베 야마 구치 구미( 약 5,000명) 로 조직이 분열됐고, 여기서 일부 세력이 다시 떨어져 나와 2017년 4월 닝쿄( 任侠) 야마 구치 구미( 약 460명) 가 결성되며 세 조직이 적대 관계를 이뤄 왔다.', '이와 관련, 올 4월 고베 시내에서 고베 야마 구치 구미의 간부가 야마 구치 구미 조직원에게 찔려 중상을 입었다.']",['조직'],41,29.268292682926827
세계,"와다 도쿄大 명예교수, 한일 양국에 '도쿄올림픽 휴전' 제안",연합뉴스,https://news.naver.com/main/ranking/read.nhn?rankingType=popular_day&oid=001&aid=0011249300&date=20191201&type=1&rankingSectionId=104&rankingSeq=25,"[""와 다 하루키 도쿄 대 명예교수 [ 연합 뉴스 자료사진] 와 다 하루키 도쿄 대 명예교수 [ 연합 뉴스 자료사진] ( 도쿄= 연합 뉴스) 박 세진 특파원 = 와 다 하루키( 和田春樹) 도쿄 대 명예교수는 1일 내년 도쿄 올림픽· 패 럴 림 픽에 맞춰 한일 양국 정부가 관계 악화를 막을 수 있는 ' 올림픽 휴전 '에 들어갈 것을 제안했다."", ""' 올림픽 휴전' 은 한일 문제에 정통한 와 다 명예교수가 그간 여러 차례 거론한 것이다."", '위안부 문제와 관련해 선 2015년 12월 한일 합의에 따른 시행 내용을 공개하고, 양국 정부 간 합의를 통해 일본의 출연금 중 남은 돈으로 위안부· 전시 성폭력 연구기관을 설립하는 안을 제시했다.']",['양국'],368,22.01086956521739
세계,“영국 브리지 테러는 우리 전사가 수행” 배후 자처한 이슬람국가,국민일보,https://news.naver.com/main/ranking/read.nhn?rankingType=popular_day&oid=005&aid=0001264183&date=20191201&type=1&rankingSectionId=104&rankingSeq=26,"['29일( 현지시간) 영국 런던 중심부의 런던 브리지에서 한 남성이 흉기 난동을 벌여 여러 명이 다쳤다.', '사진은 사건 직후 한 블 로 거가 경찰이 용의자로 추정되는 남성을 둘러싸고 있는 모습을 찍은 것. 뉴 시스 29일( 현지시간) 영국 런던 중심부의 런던 브리지에서 한 남성이 흉기 난동을 벌여 여러 명이 다쳤다.', '사진은 사건 직후 한 블 로 거가 경찰이 용의자로 추정되는 남성을 둘러싸고 있는 모습을 찍은 것. 뉴 시스 이슬람 극단주의 무장단체 IS가 영국 런던 브리지에서 발생한 흉기 테러의 배후를 자처했다.']",['용의자'],31,22.58064516129032
세계,"중국, 스마트폰 사용자 얼굴 정보 등록 의무화",한겨레,https://news.naver.com/main/ranking/read.nhn?rankingType=popular_day&oid=028&aid=0002476683&date=20191201&type=1&rankingSectionId=104&rankingSeq=27,"['안면인식 기술의 선두주자인 중국은 이미 이 기술을 이용해 주민 조사를 실시하고 있다.', '중국 당국은 안면인식 기술을 이용해 반체제 인사나 소수민족 감시에 활용하고 있다고', '']",['중국'],192,36.45833333333333
세계,[이 시각 세계] 승용차 비밀공간에서 난민 적발,MBC,https://news.naver.com/main/ranking/read.nhn?rankingType=popular_day&oid=214&aid=0000997373&date=20191201&type=2&rankingSectionId=104&rankingSeq=28,"['', '아프리카 기니 출신인 십 대 남녀 2명이 밀입국하려 다가 적발된 뒤 치료를 받고 난민 캠프로 이송됐습니다.', '스페인 카나리아 제도의 한 해변에는 난민 24명을 태운 배가 도착했습니다.']",['도착'],17,11.76470588235294
세계,美서 경찰관에 '돼지'라고 인쇄된 음료 준 스타벅스 직원 해고,연합뉴스,https://news.naver.com/main/ranking/read.nhn?rankingType=popular_day&oid=001&aid=0011248397&date=20191201&type=1&rankingSectionId=104&rankingSeq=29,"[""미 오 클라 호마주의 경찰관이 스타벅스에서 주문한 뒤 받은 음료에 ' 돼지' 가 인쇄된 라벨이 붙어 있다."", ""[ 출처= 트위터] 미 오 클라 호마주의 경찰관이 스타벅스에서 주문한 뒤 받은 음료에 ' 돼지' 가 인쇄된 라벨이 붙어 있다."", '보도에 따르면 오 클라 호마의 소도시 키퍼의 한 경찰관은 추수감사 절인 28일 같이 근무를 서는 동료들에게 주기 위해 스타벅스에서 커피 등 5 잔의 음료를 주문했다.']",['경찰관'],37,32.432432432432435
세계,2년 만에 또 ‘런던브리지 악몽’…대낮 흉기 테러로 5명 사상,KBS,https://news.naver.com/main/ranking/read.nhn?rankingType=popular_day&oid=056&aid=0010769016&date=20191201&type=2&rankingSectionId=104&rankingSeq=30,"['영국 런던의 상징 가운데 하나 인 런던 브리지에서 대낮에 흉기 테러가 벌어졌습니다.', '용의자는 경찰에 사살됐는데, 이 흉기 난동을 제압하려 던 시민 2명이 숨지고 3명이 다쳤습니다.', '']",['런던'],63,44.44444444444444
IT/과학,"기대 이상 '갤폴드', 출시국 2배↑…새 모델 2종 나올 듯",ZDNet Korea,https://news.naver.com/main/ranking/read.nhn?rankingType=popular_day&oid=092&aid=0002175833&date=20191201&type=1&rankingSectionId=105&rankingSeq=1,"['60개국 출시· 출하량 50만 이상 전망( 지 디 넷 코리아= 이은 정 기자) 삼성전자가 첫 폴 더블 폰 갤 럭 시 폴드를 내년 초까지 기존 계획보다 2 배 늘어난 60개국에서 확대 출시한다.', '또 내년 삼성전자가 출시할 폴 더블 폰은 2가지 모델이 될 것으로 예상된다.1', '삼성전자가 갤 럭 시 폴드를 30여개국에서 추가 출시할 경우 내년 초까지 출시 국은 약 60개국이 되는 셈이다.']",['출시'],69,36.231884057971016
IT/과학,"'완판' 갤럭시폴드, 내년엔 더 얇게…""S펜 탑재 검토 중""",한국경제TV,https://news.naver.com/main/ranking/read.nhn?rankingType=popular_day&oid=215&aid=0000828334&date=20191201&type=1&rankingSectionId=105&rankingSeq=2,"[""[ 한국경제 TV 이 영호 기자] 삼성전자가 첫 폴 더블 폰 ' 갤 럭 시 폴드' 출시 국을 내년 초까지 60여개국으로 대폭 늘린다."", '추가 출시 국가를 포함하면 내년 초까지 총 60여개국에 출시되는 셈이다.', '고동진 삼성전자 IM 부문장( 사장) 은 앞서 8월 갤 럭 시 노트 10 출시 기자 간담회에서 "" 갤 럭 시 폴드를 한국을 포함해 20여개국에 한정된 수량으로 출시할 예정"" 이라고 밝힌 바 있다.']",['삼성'],115,40.869565217391305
IT/과학,"""김택진이 김택진을 이겼다""…리니지게임 또 '홈런'",한국경제,https://news.naver.com/main/ranking/read.nhn?rankingType=popular_day&oid=015&aid=0004250473&date=20191201&type=1&rankingSectionId=105&rankingSeq=3,"['’ 지난달 27일 김 택진 엔씨 소프트 대표( 사진) 가 내놓은 모바일 게임 ‘ 리 니지 2M’ 이 국내 모바일 게임 매출 1위 ‘ 리 니지 M’ 을 추월했다.', '리 니지 2M까지 성공시킨 엔씨 소프트는 글로벌 모바일 게임시장에서 주요 게임 업체로 자리매김했다는 평가를 받게 됐다.', '리 니지 2M 도 인기를 끌면서 엔씨 소프트는 내놓는 모바일 게임마다 흥행에 성공한 게임회사가 됐다.']",['게임'],580,26.551724137931032
IT/과학,"""하정우 나와서 국산인줄"" 한국산 둔갑하는 中게임",머니투데이,https://news.naver.com/main/ranking/read.nhn?rankingType=popular_day&oid=008&aid=0004317829&date=20191201&type=1&rankingSectionId=105&rankingSeq=4,"['중국 게임 광고에 등장하는 국내 연예인이 어색하지 않다.', '중국 게임 사들이 노리는 건 이미지다.', '중국산 저품질 이미지를 희석시키고 품질로 승부한 전략이 먹힌 셈이다.']",['게임'],685,21.021897810218977
IT/과학,"엔씨 리니지2M, 구글 매출 1위 올랐다...리니지M 뛰어넘어",ZDNet Korea,https://news.naver.com/main/ranking/read.nhn?rankingType=popular_day&oid=092&aid=0002175836&date=20191201&type=1&rankingSectionId=105&rankingSeq=5,"[""리 니지 2M. 리 니지 2M. 출시 나흘 만인 12월 1일 오전 구 글 매출 1위에 오른 리 니지 2M. 출시 나흘 만인 12월 1일 오전 구 글 매출 1위에 오른 리 니지 2M. ▶ 지 디 넷 코리아 ' 홈페이지' / ▶ 'n 행시' 공유하면 아이 폰 11 행운이 ▶ 네이버 채널에서 ‘ 지 디 넷 코리아 ’를 구독해 주세요 출시 첫날 애플 매출 1위... 나흘 만에 양대 마켓 동시 매출 1위( 지 디 넷 코리아= 이 도원 기자) 엔씨 소프트의 신작 게임 리 니지 2M 이 리 니지 M의 뒤를 이어 구 글 플레이 스토어 매출 1위 자리에 올랐다.1"", '실제 리 니지 2M 19세 버전은 출시 하루만에 애플 매출 1위, 나흘 만에 구 글 매출 1위에 오르는데 성공했다.', '엔씨 소프트 관계자는 "" 신작 리 니지 2M 이 출시 후 나흘 만인 1일 오전 구 글 플레이 최고 매출 1위를 달성했다.']",['출시'],303,22.772277227722775
IT/과학,인텔 CPU 공급난 지속…PC업계 '꽁꽁' 얼었다,전자신문,https://news.naver.com/main/ranking/read.nhn?rankingType=popular_day&oid=030&aid=0002854606&date=20191201&type=1&rankingSectionId=105&rankingSeq=6,"['인텔 CPU 공급 부족 문제는 올해 말 갑자기 발생한 일이 아니다.', '그러나 공공 시장에서 주로 쓰이는 8 세대 i5 제품의 공급 부족 현상이 심화되고 있다.', '국내 한 PC 업체 대표는 “ 올해 3 분기부터 인텔 CPU 공급 물량이 줄어들면서 공공기관 납품에 차질을 빚고 있다.']",['인텔'],155,29.03225806451613
IT/과학,[이연호의 과학 라운지](53)대변 제때 안 누면 변비 걸리는 이유는?,이데일리,https://news.naver.com/main/ranking/read.nhn?rankingType=popular_day&oid=018&aid=0004528580&date=20191201&type=1&rankingSectionId=105&rankingSeq=7,"['왜냐하면 내 괄약근과 외 괄약근의 두 괄약근이 적절하게 소통해야 일정한 압력이 생기기 때문이다.', '하지만 우리가 외 괄약근을 너무 오래 통제하고 있으면 압력의 차가 발생하지 않게 되고 똥이 나오지 못하는 상태인 변비에 걸리게 되는 것이다.', '도움말= 과학 커 뮤니 케이 터 케 니 리 (Kenny Lee)* 편집 자주: 수학, 화학, 물리학, 생물학 등 기초과학의 중요성은 아무리 강조해도 지나치지 않다.']",['대장'],32,34.375
IT/과학,국회 멈추면 타다는 달린다…'타다 금지법' 이번주 중대고비,한국경제TV,https://news.naver.com/main/ranking/read.nhn?rankingType=popular_day&oid=215&aid=0000828335&date=20191201&type=1&rankingSectionId=105&rankingSeq=8,"[""일 국회와 정부, 관련 업계 등에 따르면 국회 국토 교통위원회는 당초 이르면 2일 교통 법안심사 소위를 열고 일명 ' 타다 금 지법 '으로 불리는 여객자동차 운수 사업법 개정안 등을 논의할 계획이었다."", ""하지만 자유 한국당이 정기국회를 11일 남겨 놓은 지난달 29일 오후 국회 본회의에서 처리될 예정인 안건 전체에 대해 무제한 토론, 즉 필리 버스터를 신청하며 국회 일정이 ' 올 스톱' 된 탓에 덩달아 ' 타다 금 지법' 의 논의도 미뤄 지게 됐다.20"", ""여기에 경쟁업체 등에서 플랫폼을 기반으로 한 새로운 서비스를 잇달아 선보이며 ' 타다' 의 입지는 한층 좁아 질 것으로 보인다.""]",['택시'],170,24.705882352941178
IT/과학,"'인덕션 5개' 갤럭시S11+, 디자인·스펙 미리보니",머니S,https://news.naver.com/main/ranking/read.nhn?rankingType=popular_day&oid=417&aid=0000477520&date=20191201&type=1&rankingSectionId=105&rankingSeq=9,"['삼성전자 갤 럭 시 S11 렌더링 이미지/ 사진= 온 리 크스 삼성전자 갤 럭 시 S11 렌더링 이미지/ 사진= 온 리 크스 삼성전자의 열 한번째 갤 럭 시 S의 이미지가 공개됐다.', '2020년 2월 공개를 앞둔 갤 럭 시 S11 는 최다 5개 카메라, 최대 6.9 인치 디스플레이를 탑재할 것으로 보인다.30', '온 리 크스가 트위터에 공개한 S11 의 렌더링 이미지에 따르면 삼성전자 역시 사각형 모양의 카메라 모듈을 신제품에 탑재했다.']",['카메라'],131,25.954198473282442
IT/과학,'아이폰SE 2' 그리고 '갤노트10 라이트'…덜 비싼 고급폰의 등장,아시아경제,https://news.naver.com/main/ranking/read.nhn?rankingType=popular_day&oid=277&aid=0004581530&date=20191201&type=1&rankingSectionId=105&rankingSeq=10,"[""갤 럭 시 노트 10 라이트 12월 출시설… 가격은 미지수 아이 폰 SE 2 2020년 3월 출시설… 아이 폰 SE 후속 작 [ 아시아 경제 임 온유 기자] 삼성전자와 애플이 ‘ 보급 형 프리미엄 스마트 폰' 시장에 도전한다."", '삼성전자는 갤 럭 시 노트 10 라이트, 애플은 아이 폰 SE 2를 준비 중이다.', '샘 모바일은 "" 갤 럭 시 노트 10· 갤 럭 시 노트 10+ 2 종을 출시한 삼성전자가 여기에 1 종을 더 추가하려고 한다 ""며 "" 갤 럭 시 노트 10 라이트는 저렴한 대신 갤 럭 시 노트 10 시리즈 만큼 성능이 높진 않을 것"" 이라고 했다.']",['라이트'],92,29.347826086956523
IT/과학,'컴업 2019' 폐막...인순이 딸 IR 피칭대회서 우승,ZDNet Korea,https://news.naver.com/main/ranking/read.nhn?rankingType=popular_day&oid=092&aid=0002175826&date=20191201&type=1&rankingSectionId=105&rankingSeq=11,"['▶ 지 디 넷 코리아 \' 홈페이지\' / ▶ \'n 행시\' 공유하면 아이 폰 11 행운이 ▶ 네이버 채널에서 ‘ 지 디 넷 코리아 ’를 구독해 주세요 박 영선 장관 "" 글로벌 스타트 업 행사 도약 초석 마련""( 지 디 넷 코리아= 방은 주 기자) 핀란드 \' 슬러시\' 같은 세계적 스타트 업 행사를 표방한 \' 컴 업 2019(ComeUp 2019), K-Startup Week ComeUp 2019)\' 가 3 일간 일정을 마무리, 29일 막을 내렸다.', ""' 미래를 만난다 (Meet the Future) '를 슬로건으로 내건 ' 컴 업 2019' 는 사전행사, 본행사, 부대행사 등 다양한 프로그램이 열렸다."", '박 영선 중기 부 장관은 "" 처음으로 정부와 민 관의 상생 협력을 통해 개최된 글로벌 스타트 업 축제 컴 업 2019는 아시아를 넘어 글로벌을 대표하는 스타트 업 축제로 도약하는 초석을 마련한 것"" 이라며 "" 우리나라의 혁신적이고 역동적인 스타트 업 생태계를 세계에 알리고 미래를 이끌 기술과 산업의 새로운 가능성을 확인하는 자리였다"" 고 밝혔다.']",['스타트'],16,12.5
IT/과학,"삼성전자, 사내벤처 4곳 '스핀오프'…스타트업 늘린다",아이뉴스24,https://news.naver.com/main/ranking/read.nhn?rankingType=popular_day&oid=031&aid=0000517312&date=20191201&type=1&rankingSectionId=105&rankingSeq=12,"['삼성전자는 지난 2015년 8월부터 C 랩 스핀 오프 제도를 도입해 우수한 C 랩 과제들이 스타트 업으로 독립할 수 있도록 지원하고 있다.', ""AI 기반 라이팅 (lighting) 디바이스를 개발한 '루 플 (LUPLE)', AI 기반 콘텐츠 창작 플랫폼을 제공하는 ' 툰 스퀘어 (Toonsquare)', 1 인 방송 AR( 증강현실) 소통 서비스를 개발한 ' 트리 니들 (Trineedle)', 개인 맞춤 형 향 추천· 제조 서비스를 제공하는 ' 조 이브로 (JoyBro)' 등이다."", ""특히, 스마트 시티 부문과 AR∙VR 부문에서 'CES 2020 혁신상' 을 수상하며 3년 연속 혁신상을 수상했다.""]",['개발'],34,41.17647058823529
IT/과학,형님 '리니지M' 위에···아우 '리니지2M',서울경제,https://news.naver.com/main/ranking/read.nhn?rankingType=popular_day&oid=011&aid=0003659733&date=20191201&type=1&rankingSectionId=105&rankingSeq=13,"['1일 엔씨 소프트의 ‘ 리 니지 2M’ 이 ‘ 리 니지 M’ 을 제치고 구 글 플레이 스토어 매출 1위를 달성했다.', '/ 스마트 폰 화면 캡 쳐 1일 엔씨 소프트의 ‘ 리 니지 2M’ 이 ‘ 리 니지 M’ 을 제치고 구 글 플레이 스토어 매출 1위를 달성했다.', '다만 엔씨 소프트는 리 니지 M 때와는 달리 첫날 매출이나 접속자 수 등 구체적인 성과는 공개하지 않았다.']",['출시'],186,24.731182795698924
IT/과학,[포토] 美 블랙프라이데이 삼성 TV '불티',ZDNet Korea,https://news.naver.com/main/ranking/read.nhn?rankingType=popular_day&oid=092&aid=0002175828&date=20191201&type=1&rankingSectionId=105&rankingSeq=14,"['( 사진= 삼성전자) 지난 달 29일( 현지시간) 미국 최대 쇼핑 시즌인 블랙 프라이 데이를 맞아 뉴저지에 위치한 베스트 바이 매장을 찾은 소비자들이 삼성 TV를 구매하고 있다.', '( 사진= 삼성전자) 지난 달 29일( 현지시간) 미국 최대 쇼핑 시즌인 블랙 프라이 데이를 맞아 뉴저지에 위치한 베스트 바이 매장을 찾은 소비자들이 삼성 TV를 구매하고 있다.', '( 사진= 삼성전자) 지난 달 29일( 현지시간) 미국 최대 쇼핑 시즌인 블랙 프라이 데이를 맞아 뉴저지에 위치한 베스트 바이 매장을 찾은 소비자들이 삼성 TV를 구매하고 있다.']",['삼성'],80,43.75
IT/과학,"[사이언스 인 미디어] 김지영이 겪은 산후우울증, 모든 엄마에게 감기처럼 찾아올 수도",전자신문,https://news.naver.com/main/ranking/read.nhn?rankingType=popular_day&oid=030&aid=0002854642&date=20191201&type=1&rankingSectionId=105&rankingSeq=15,"['지영이 결혼과 출산, 육아로 인해 점점 자신을 잃으며 산후 우울증에 시달리는 이야기를 담고 있다.', '실제로 많은 여성이 출산 후 산후 우울증에 시달린다.', '산후 우울증을 겪는다면 여성 스스로와 주변 가족이 상황을 파악하고 적극적 치료에 임하는 것이 중요하다.']",['여성'],162,24.691358024691358
IT/과학,미국 학자 “화성에 곤충”…과학계 “말도 안돼”,경향신문,https://news.naver.com/main/ranking/read.nhn?rankingType=popular_day&oid=032&aid=0002978064&date=20191201&type=1&rankingSectionId=105&rankingSeq=16,"['미국 오 하이 오 대의 곤충학자인 윌리엄 로 모서 교수는 미국 곤충학회를 통해 지난 몇 년 간 분석한 미 항공 우주국 (NASA) 의 화성 표면 촬영사진( 왼쪽 사진 )에서 곤충의 형상이 나타난다고 주장했다.', '로 모서 교수 제공 미국 오 하이 오 대의 곤충학자인 윌리엄 로 모서 교수는 미국 곤충학회를 통해 지난 몇 년 간 분석한 미 항공 우주국 (NASA) 의 화성 표면 촬영사진( 왼쪽 사진 )에서 곤충의 형상이 나타난다고 주장했다.', '그런데 지난달 하순 미국 미주리 주 세인트 루이스에서 열린 미국 곤충학회에서 흥미로운 발표가 나왔다.']",['화성'],180,39.44444444444444
IT/과학,고객의 시간을 뺏어라! 차세대 산업 ‘OTT’ 전쟁,KBS,https://news.naver.com/main/ranking/read.nhn?rankingType=popular_day&oid=056&aid=0010769058&date=20191201&type=1&rankingSectionId=105&rankingSeq=17,"['지난 12일 콘텐츠의 제왕이라고 해도 과언이 아닌 디즈니가 드디어 OTT 서비스인 디즈니 플러스 서비스를 시작했다.', '이에 비해 디즈니 플러스는 3천여 개의 콘텐츠만 보유하고 있어서 콘텐츠 개수만 놓고 보면 훨씬 뒤처지는 것처럼 보인다.', '이에 비해 디즈니 플러스는 블록버스터를 대거 보유하고 있을 뿐만 아니라 가족 친화적이기 때문에 디즈니 플러스의 등장은 기존 넷플릭스의 단점을 보완하고 나아가 OTT 산업 전체를 성장시키는 촉매가 될 가능성이 크다.']",['콘텐츠'],18,44.44444444444444
IT/과학,"사라진 업비트 이더리움, 어디로 가나",블로터,https://news.naver.com/main/ranking/read.nhn?rankingType=popular_day&oid=293&aid=0000025764&date=20191201&type=1&rankingSectionId=105&rankingSeq=18,"['| 최초로 업 비트 이 더리 움이 이체된 지갑에서 다른 지갑으로 자금이 옮겨 지는 모습 ( 출처 =이 더 스캔) | 최초로 업 비트 이 더리 움이 이체된 지갑에서 다른 지갑으로 자금이 옮겨 지는 모습 ( 출처 =이 더 스캔) 사리 진 이 더리 움 추 척 대시 보드 | 탈취된 이 더리 움이 어떤 지갑으로 송금됐는지 보여주는 시각화 자료 ( 출처= 웁살라 시큐리티) | 탈취된 이 더리 움이 어떤 지갑으로 송금됐는지 보여주는 시각화 자료 ( 출처= 웁살라 시큐리티) 11월 27일 오후 1시 6분, 국내 암호 화폐 거래소 업 비트에서 이 더리 움 34만 2천개가 알 수 없는 지갑으로 출금됐습니다.', '이 더 스캔 입출금 내역에 따르면, 이 작업은 같은 날 오후 5시 53분까지 진행됐습니다.', '총 4개의 다른 지갑으로 13번에 걸쳐 자금을 출금시킨 것입니다.']",['암호'],58,20.689655172413794
IT/과학,각각 다른 얼굴로 2010년대 비춰준 10개의 태양,한겨레,https://news.naver.com/main/ranking/read.nhn?rankingType=popular_day&oid=028&aid=0002476670&date=20191201&type=1&rankingSectionId=105&rankingSeq=19,"['유럽 우주국 제공 2010년대의 태양들. 왼쪽 위부터 2010년 2월 20일, 2011년 2월 1일, 2012년 1월 20일, 2013년 2월 5일, 2014년 1월 28일, 그리고 아 랫 줄 왼쪽부터 2015년 1월 19일, 2016년 2월 5일, 2017년 1월 22일, 2018년 2월 2일, 2019년 2월 1일의 태양. 맨 오른쪽 위· 아래의 2014년과 2019년 태양이 확연히 대비된다.', '유럽 우주국 제공 지금은 태양 흑점 활동을 기록하기 시작한 이후 24 번째 태양 주기의 마지막 단계다.', '지구를 돌면서 태양을 관측하는 유럽 우주국 (ESA) 의 프로 바 2(Proba-2) 위성이다.']",['태양'],15,33.33333333333333
IT/과학,애플·화웨이에 삼성 갤S11까지...대세로 뜬 ‘인덕션폰’,서울경제,https://news.naver.com/main/ranking/read.nhn?rankingType=popular_day&oid=011&aid=0003659595&date=20191201&type=1&rankingSectionId=105&rankingSeq=20,"['삼성전자가 내년 2월 공개할 갤 럭 시 S11+ 렌더링 이미지/ 사진제공= 온 리 크스 삼성전자가 내년 2월 공개할 갤 럭 시 S11+ 렌더링 이미지/ 사진제공= 온 리 크스 삼성전자 (005930) 애플 아이 폰 11 프로/ 권 경원기자 애플 아이 폰 11 프로/ 권 경원기자 [ 서울경제] 애플 아이 폰 11 시리즈가 대형 카메라 모듈로 ‘ 인덕 션 폰’ 이라는 혹평을 받았지만 내년부터 는 인덕 션 디자인을 채택한 최신 플래그 십 폰 이 늘어날 것으로 보인다.', '갤 럭 시 S11 시리즈엔 갤 럭 시 스마트 폰 중 처음으로 1억 800만 화소 카메라가 탑재되는 것으로 알려 졌다.', '이후 올해 하반기 출시한 메이트 30 시리즈엔 사각이 아닌 원형의 모듈 안에 카메라를 배치했다.']",['카메라'],79,22.78481012658228
IT/과학,"갤럭시S11, 추정스펙 보니…""카메라 혁신 눈에 띄네""",매일경제,https://news.naver.com/main/ranking/read.nhn?rankingType=popular_day&oid=009&aid=0004473496&date=20191201&type=1&rankingSectionId=105&rankingSeq=21,"[""◆ 인덕 션 디자인 연상… 'L 자· 주사위 5' 카메라 배치 갤 럭 시 S11에서 가장 큰 변화는 카메라다."", '갤 럭 시 S11 플러스 렌더링을 보면 카메라 모듈이 직 사각형 형태는 일반 시리즈와 같지만 모듈 안의 5개 카메라 렌즈 배치가 무작위로 흩어져 있다.', '◆ 스페이스 줌 채택에 1억 800만 화소 카메라 적용 카메라 기능도 다양화된다.']",['카메라'],182,19.78021978021978
IT/과학,"""버스도 안 다니는데"" 공공부문 차량 2부제에 대덕특구 볼멘소리",연합뉴스,https://news.naver.com/main/ranking/read.nhn?rankingType=popular_day&oid=001&aid=0011248292&date=20191201&type=1&rankingSectionId=105&rankingSeq=22,"['대전 대덕연구개발 특구 전경[ 연구개발 특구진흥재단 제공. 재판매 및 DB 금지] 대전 대덕연구개발 특구 전경[ 연구개발 특구진흥재단 제공. 재판매 및 DB 금지] 미세 먼지 예비 저감조치 차량 2 부 제 시행[ 연합 뉴스 자료사진] 미세 먼지 예비 저감조치 차량 2 부 제 시행[ 연합 뉴스 자료사진] "" 보안상 민가와 떨어져 섬이나 다름없어… 일괄 적용은 비합리적""( 대전= 연합 뉴스) 박 주영 기자 = "" 전 철도 버스도 안 다니는데 자가용 없이 어떻게 출퇴근하라 건가요. ""1 일부터 수도권과 특· 광역시에서 미세 먼지 저감을 위한 공공기관 차량 2부 제가 시행된 가운데 대전 대덕연구개발 특구 내 정부 출연 연구기관( 이하 출연 연) 과학자들은 \' 현실을 고려하지 않은 정책\' 이라며 불만을 터뜨렸다.', '셔틀버스는 정문까지만 운행해 차량 2 부제에 걸리는 날에는 카풀을 하는 수밖에 없다.', '한국 원자력연구원도 시내버스가 정문 앞까지 운행하지 않기 때문에 시내버스에서 내려 600ｍ 정도 떨어져 있는 입구까지 걸어간 뒤 각자 연구실로 가야 한다.']",['출연'],61,22.950819672131146
IT/과학,하반기 폴란드향 리튬이온 배터리 수출 급증…왜?,전자신문,https://news.naver.com/main/ranking/read.nhn?rankingType=popular_day&oid=030&aid=0002854701&date=20191201&type=1&rankingSectionId=105&rankingSeq=23,"['LG 화학 오 창 전 기차 배터리 생산라인. ( 사진 =LG 화학) LG 화학 오 창 전 기차 배터리 생산라인. ( 사진 =LG 화학) [Copyright ⓒ 전자신문 & 전자신문 인터넷, 무단 전재 및 재배포 금지] 올해 하반기 폴란드 향 리튬이온 배터리 수출이 급증한 것으로 나타났다.', '업계에서는 폴란드 향 리튬이온 배터리 수출 증가 배경을 LG 화학 폴란드 신공장 램프 업 지연 영향으로 분석하고 있다.', '업계 관계자는 “ 램프 업이 단계적으로 진행되기 때문에 폴란드 공장 가동 초기 국내 오 창 공장에서 생산된 배터리 셀을 받아 패 키 징 작업을 진행하면서 수출 물량이 증가한 것으로 보인다” 면서 “ 램프 업이 완료되면 전극 공정부터 패 키 징까지 전체 공정이 원활하게 진행될 수 있을 것으로 보인다” 고 말했다.이']",['폴란드'],23,21.73913043478261
IT/과학,삼성 갤럭시 폴드 완판 행진... 29개국→60개국 출시 확대,한국일보,https://news.naver.com/main/ranking/read.nhn?rankingType=popular_day&oid=469&aid=0000444830&date=20191201&type=1&rankingSectionId=105&rankingSeq=24,"['삼성전자 ‘ 갤 럭 시 폴드’ 국내 판매가 시작된 지난 9월 서울 서초구 삼성 딜 라이트 샵에 제품이 전시돼 있는 모습. 연합 뉴스 삼성전자 ‘ 갤 럭 시 폴드’ 국내 판매가 시작된 지난 9월 서울 서초구 삼성 딜 라이트 샵에 제품이 전시돼 있는 모습. 연합 뉴스 정혜 순 삼성전자 무선 사업부 프레임 워크 개발 그룹 상무가 10월 29일( 현지시간) 미국 캘리포니아 주 새 너 제이 컨벤션센터에서 열린 ‘ 삼성 개발자 콘퍼런스 2019’에서 갤 럭 시 폴드 차기 작으로 예상되는 새 폴 더블 폰의 접는 방식을 소개하고 있다.', '삼성전자 제공 정혜 순 삼성전자 무선 사업부 프레임 워크 개발 그룹 상무가 10월 29일( 현지시간) 미국 캘리포니아 주 새 너 제이 컨벤션센터에서 열린 ‘ 삼성 개발자 콘퍼런스 2019’에서 갤 럭 시 폴드 차기 작으로 예상되는 새 폴 더블 폰의 접는 방식을 소개하고 있다.', '삼성전자 제공 삼성전자의 첫 폴 더블( 접을 수 있는) 스마트 폰 ‘ 갤 럭 시 폴드’ 가 예상을 뛰어 넘는 인기를 얻자 삼성전자가 출시 국가를 내년 초까지 60여개국으로 확대하기로 했다.']",['폴드'],32,37.5
IT/과학,"이더리움 개발자, 북한에 암호화폐 기술제공 혐의로 체포",파이낸셜뉴스,https://news.naver.com/main/ranking/read.nhn?rankingType=popular_day&oid=014&aid=0004335737&date=20191201&type=1&rankingSectionId=105&rankingSeq=25,"['북한에 블록 체인과 암호 화폐에 대한 고도의 기술 정보를 제공해 북한이 이를 자금 세탁과 제재 회피 수단으로 활용할 수 있는 가능성을 열어 줬다는 혐의다.30', '일 블록 체인 전문매체 더블 록에 따르면 미국 뉴욕 남부지방 검사와 연방수사 국 (FBI) 은 버질 그리피스를 미국 제재 법 위반과 북한 여행 혐의로 기소했다고 밝혔다.', '그리피스는 지난 4월 북한 평양에서 열린 ‘ 평양 블록 체인· 암호 화폐 컨퍼런스 ’에 참석했다.']",['제재'],42,21.428571428571427
IT/과학,"삼성전자, 5G 표준특허 글로벌 2위…3위에 LG전자",연합뉴스,https://news.naver.com/main/ranking/read.nhn?rankingType=popular_day&oid=001&aid=0011248279&date=20191201&type=1&rankingSectionId=105&rankingSeq=26,"['전자도 삼성전자를 바짝 뒤쫓으며 한국 기업의 활약이 두드러졌으나 1위는 중국 화웨이에 내준 것으로 나타났다.1', '일 업계에 따르면 독일 시장조사업체 아이 플 리 틱스 (IPlytics) 는 최근 공개한 보고서에서 삼성전자의 5G 표준 특허 선언 건수가 2천 846건으로 집계됐다고 밝혔다.', '보고서에 따르면 삼성전자는 승인 건수가 1천 746건으로 집계돼 전체 1위를 기록했고, 2위는 노 키아 (1 천 683건), 3위는 LG 전자 (1 천 548건), 4위는 화 웨이 (1 천 337건) 로 조사됐다.ZTE,']",['특허'],22,50.0
IT/과학,'리니지2M'에선 3만3천원으로 10초의 즐거움을 살 수 있습니다 [홍IT인간],한국경제TV,https://news.naver.com/main/ranking/read.nhn?rankingType=popular_day&oid=215&aid=0000828247&date=20191201&type=2&rankingSectionId=105&rankingSeq=27,"['그러나 어디까지나 리 니지 2M 은 모바일 게임입니다.', ""특히 이번 리 니지 2M 게임 캐릭터의 직업까지 뽑는 ' 클래스 뽑기 '를 최초로 도입했습니다."", '과 금을 하지 않고도 게임은 충분히 즐길 수 있습니다.']",['게임'],300,19.0
IT/과학,"[이광식의 천문학+] 65년 전 오늘, ‘우주 운석’에 얻어맞은 여자",서울신문,https://news.naver.com/main/ranking/read.nhn?rankingType=popular_day&oid=081&aid=0003047708&date=20191201&type=1&rankingSectionId=105&rankingSeq=28,"['운석에 맞은 앤 호지 스와 박물관에 보관되어 있는 호지 스 운석 복제품./ 사진 =davidreneke 운석에 맞은 앤 호지 스와 박물관에 보관되어 있는 호지 스 운석 복제품./ 사진 =davidreneke 지붕을 뚫고 들어와 호지 스 부인의 허리를 강타한 운석. 위에 뚫어진 첮장이 보인다.', '운석에 맞은 주부의 이름은 앤 호지 스. 부인을 강타한 운석은 소프트볼 크기의 3.8kg 운석으로, 태양계가 생성될 때 만들어 진 45억 살이나 된 우주 암석이었다.', '\' 내셔널 지 오 그래픽 \'에 따르면, \' 떨어지는 별: 유성- 운석 가이드"" 책을 쓴 마이클 레이놀즈는 "" 인간 역사상 얼마나 많은 사람이 살았는지 생각해 보라.']",['운석'],6,50.0
IT/과학,"""사람보다 더 사람같은""…갈수록 진화하는 AI비서",조선비즈,https://news.naver.com/main/ranking/read.nhn?rankingType=popular_day&oid=366&aid=0000454093&date=20191201&type=1&rankingSectionId=105&rankingSeq=29,"['경쟁이 본격화된 것은 2014 년 아마존이 AI 스피커 ‘ 에코 ’를 출시하면서 다. 에코에는 AI ‘ 알렉 사’ 가 탑재됐다.', '애플은 지난 10월 시리 기능을 전작보다 강화시켜 탑 재한 3 세대 무선 이어폰 ‘ 에어 팟 프로 ’를 공개했다.', '또 AI 비서에 셀 럽 목소리를 구현하는 것도 세계적인 추세다.']",['탑재'],16,37.5
IT/과학,[IT핫테크]'발사형 드론' 개발됐다,전자신문,https://news.naver.com/main/ranking/read.nhn?rankingType=popular_day&oid=030&aid=0002854687&date=20191201&type=1&rankingSectionId=105&rankingSeq=30,"['캘리포니아 공과 대학과 NASA JPL이 함께 개발한 스퀴드 드론 발사 모습. < 사진 =CALTECH> 캘리포니아 공과 대학과 NASA JPL이 함께 개발한 스퀴드 드론 발사 모습. 캘리포니아 공과 대학과 NASA JPL이 함께 개발한 스퀴드 드론. < 사진 =CALTECH> 캘리포니아 공과 대학과 NASA JPL이 함께 개발한 스퀴드 드론. [Copyright ⓒ 전자신문 & 전자신문 인터넷, 무단 전재 및 재배포 금지] 마치 대포처럼 공중으로 쏘아 올리는 드론이 개발됐다.', ""최근 캘리포니아 공과 대학과 미 항공 우주국 (NASA) 의 제트추진 연구소는 발사형 드론 ' 스퀴드 (SQUID)' 시제품을 공개했다."", '이 드론은 지상에서는 럭비공 모양을 하고 있다가 공중에서 스스로 모양을 변형해 임무를 수행하는 것이 특징이다.']",['발사'],9,22.22222222222222
