0,이걸 보고 친일이라고 하는 좌좀들은 진짜 지식의 한계를 증명하는건가???,0
1,할말 없으면 토착왜구 같은 소리나 하고 자빠졌네..,0
2,기레기야 누가 이따위로 계산하라디? \라인(8200만 명)과 야후재팬(5000만 명) 이용자를 더하면 1억3200만 명에 달한다.\,0
3,손정희 는 진짜 물건이다!\n그가 예견했듯이 앞으로 10년후엔 \nAl가 모든것에 중심이 될것이다\n한국이 선두에서야 미래를  얻을수있다,1
4,북괴의 토착왜구 프레임작전에 놀아나는 수준보소,0
5,손대표의 투자가 한국기업에게 얼마나 필요한데 미치지 않고 욕 하는게 말이 되냐? 니들은 유니클로 내복이나 받지마 딱 거기까지다,1
6,"라인... 논란 난 이유가 있었구나. 야후 재팬에 일본 우익이 붙어서 혐한하기 바쁜데, 네이버 댓글 참 잘도 일본 편 드네.",0
7,롯데나 네이뇬이나 틀린게 뭘까??,0
8,와우 정치권은 서로 싸우는데 민간은 서로 힘합치는 모습이 멋지네요 아시아를 넘어 세계좍인기업으로 도얄하길 빕니다,1
9,세계적 기업으로 성장하길 바란다,1
10,진짜 소름돋는 결정이다 이런 경제협력이 자주 있기를,1
11,네이버 끊을때가왓네,0
12,앞으로는... 클린봇이 일본 비판글을 전부 삭제하겠군요...^^;,0
13,네이버 안녕,0
14,네이버 노노재팬 불매 안하냐? ㅎㅎ,0
15,"일본기업의 탄생인듯한데? 위안부, 독도 금지어 되는거 아냐?",0
16,네이버가 아니라 일본라인을 지분 나눈거네...,0
17,좌빨들은  다음으로 다  가거라.\n여긴  한미일 동맹지지자들  창이다,0
18,쪽바리들은 알고 있을까?,0
19,미국야후도 있는데 왜 하필 일본야후랑 기가막힌다 지금 시국이 어느땐데,0
20,전쟁중인데...무역전쟁....총알이 난무해야지만이 전쟁이 아닌데...이래서 유니클로 광고도 그리 잘올라 온건가...재계약 안하면 돼는데 구지 계속 올리는거 보면..,0
21,일본녀와 결혼하고 싶다.한녀 사절,0
22,니들이 뭔데 이 과정의 성공 또는 실패를 예견하냐? 간단한 검색엔진도 못만드는것들이..,0
23,친일 그룹 되는구나일본 에게 다 줘라 그냥 돈이나 벌면 되지 뭐 그치 OOO야,0
24,다음카카오톡이 독점적으로 달린다\n네이버는 너무 보수절이거나 분발해야 한다고 생각했는데 좋은 대안같다.\n소프트와 하드가 통합되고 윈윈하는것이 요즘 대세다\n나쁘지않은 것같다,1
25,댓글 수준보소 ㅋ 갱상도 놈들이 북한에 북자만 들어가도 개거품 물면서 빨갱이 거리면서 지들 씨앗 조상인 일본한테는 아주 관대하네 ㅋ 니들이 하는짓도 똑같아 ㅋ 누굴 손가락질하냐 ㅋㅋ,0
26,뭔 세계최고야... 제팬은 한물갔어 제펜들어간건 다 망한다고,0
27,오늘부로 네이버 라인어플 지웁니다^^,0
28,지금은 공동이지만 모른다. 나중에 라인이 야후 먹고 일본 검색 메신저 통일할지도 ....,0
29,그 옛날 일본기업과 기술협력을 하여 그것을 바탕으로 전진하여 일본 기업을 이길만한 역량을 갖춘 기업인들이 진정한 애국자들이지. 좌좀은 아마 ‘일본’과의 기술협력부터 거품 물 걸? 쟤들은 생각이 짧아.,0
30,카카오와 다음처럼 하네...물론 규모는 훨씬 크겠지만,1
32,그냥 일본 기업 둘이 하나된거지,0
33,문재앙이 경제 살리는 소리 하고있네 ㅋㅋ,0
34,자한당이 친일당인데 좃선도 친일 언론인데 개이버 혐한 야후재팬이랑 손잡으면 지금도 뉴스순위조작 검색순위조작이 심한데 친일로 아예 돌아서는거 아니냐??? AI??그냥 삼성에 맡기던가 삼성이 주력한다더라 개이버 혼자하던가 왜 혐한 사이트랑 합쳐서 그런걸 하려는거냐?? 욕은 열라했지만 개이버 버리기 싫다 지금이라도 그만둬라~~~,0
35,네일베 못잡으면 친일 매국 자한당 못 없앤다. 아베의 친위 부대다. 아예 없애버려라~,0
36,이제 네이버는 한-일 양국의 키배장인 거여?,0
37,일본 애들은 야후재팬이나 라인 불매 안하냐? ㅋㅋㅋ,0
38,네이버 응원합니다,1
39,친일파 반일감정이용해 2020총선대비하라.민주당내부문건이 유출된건 다알거고 김대중이 전두환때부터 격하시킨 일왕호칭 천황으로격상시키고 해방후 이승만때부터 지켜온 독도수역 일본이제안한 한일어협협정 그대로수용해 독도수역내워주고 일본가면 소학교선생찾아 센세이도요타입니다라 꼬박꼬박문안인사해 그선생무안하더라며 일본신문에 인터뷰까지했어지.그때 친일비아냥되는 절라도민주교교도들은 그때왜 모르척하고 살아냐ㅉㅉ역대급친일파 홍영표에 현장관 일본차에 일본에 집까지있는데 왜구라비아냥 안되는 이중성보면 고향세탁이일상인 98%절라도인들하고 왜국원숭이는 동급이다,0
40,일본 반도체업체들이 연합했다가 왜 망했는지 공부해봐라,0
41,야인이냐?!,0
42,성공할확률 0%,0
43,이재웅은 여기에 왜 나오는지?,0
44,이 시국에ㅋ 타이밍죽이네ㅋ,0
45,친일기업 네이버  OOO들,0
46,본사를 어디에 두는지가 문제. 일본에 본사를 두면 외국자본이 투입도 안되고 되더라도 주식보유가 힘들어.,0
47,라인 대기업이네?..,0
48,라인이나 야후재팬이나 찾는사람있나?\n한국에선 선점이중요한데 늦었다,0
49,야후가 아직 있나요?,0
50,내일 네이버 주식 몰빵 갑니다 ㅠㅠㅠ 제발 5천만원정도만 먹고 나오면 좋겠네요 ㅠㅠㅠ,0
51,일본 쪽바리 시키들 꺼져라,0
52,네이버가 손해보는장사,0
53,동남아나 인도.중동.유럽이 쉬울듯.아마존은 너무강력. 중국은 공산당 때문 노답,0
54,구글은 벌써 10년전 ai했던데 유튜브등으로\n사용자들에게 시간노력비\n광고료를 주는데\n네이버는 블러그 까페 맨날  글쓰고\n노력해도 땡전 한푼 안준다\n왜그럴까 디따 궁금해,0
55,소프트뱅크 요금 손실이 크던데~,0
56,네이버가 일본?,0
57,사람을봐라 관상에 다있다,0
58,돈앞에 보이는거 없다  지끼지마라,0
59,네이버  개-새뀌들아 다음으로 옮길거다,0
60,내이버 이상하다 이상하다 했더니 니들이 그랬구나,0
61,문재앙이가 배아파서 곧 네이버 조지겠단다 단디 준비하고 여차하면 라인 그냥 일본에 팔아뿌라 다러버서 어디 대한민국에서 기업 경영하겠나 에라이 퉷 문재앙,0
62,손정의씨가 대한민국으로 귀화했으면\n\n국가가 부강하려면 인재를 모아야한다\n\n우리나라엔 가치투자자가 없어서리,0
63,나도 보수지만 이건 좀 아닌것 같다 불매해도 모자를 판에,0
64,햐 저 쪽빨이 쇠퀴들좀 보소,0
65,아오씨 다음 힘내ㅠㅠ,1
66,"손정희도 한물갔네. 회사운영기법 바닥인걸인정한거고 네이버의 경영능력을 인정한것이다. 즉, 뭐겠는가? 투자처를 모르는 소뱅...! 라인을 구글과 붙을 만 하겠다.",0
67,라인 탈퇴합니다,0
68,AI+??ㅋㅋㅋ 되겠냐??? 그냥 포탈과 메신저를 통합해서 일본 내에서 영향력을 키워보겠다는 의도인거 뻔히 아는데... 포장만 열심히 해주네~,0
69,이 시국에? 뭐? 일본이랑 통합? 네이버 친일기업이었구나 잘 걸렸다!! 국민들이 무섭지도 않나보네 네이버도 불매 운동 합시다!!!,0
70,달깨문들 니들 없어도 네이버 잘 돌아감 불매운동 열심히 하셈 달깨문들 아웃!,0
71,카카오 (라인) + 다음 (야후재팬) 같은 느낌인가?,0
72,삼성전자(1만1243건) AI특허 ㅎㅎㅎ 삼성에서 연구원으로 있어바서 아는데 개발팀에서 직원들한데 특허를 출원하라 한다. 내용은 뭐 엄청나게 새롭고 영향력 있는게 아니라 그냥 자기가 맡은 모듈의 SW 로직을 정리해서 제출하면 이것도 특허로 된다.,1
73,AI가  일본은  한국  땅 이라고  정확하게  말해야  한다.,0
74,이해진씨 관상이 대단히 길(吉)한 관상이시구만. 턱이 넓적하고 도무지 전혀 뾰죽한 역삼각형이 아닌 네모 그 자체인 걸 보니 . . . 아니 에르노 그 갈리아의 골족 소설가 할머니도 그렇고 ........... 얼굴 아래 부분이 사람 인생의 말년 운을 상징하는데 저렇게 넓으면 대부분 늙어서도 대단한 영광과 재복(財福)과 관운이 다 전부,1
75,친일종자들 겁나 많네 일본에 가서 살아라,0
76,큰일나,0
77,한국에서는 절대 안될거다~~~ 개이버가 왜 이런 모험을 하는걸까?? 왜 혐한 글로 가득한 야후재팬과 합치는 걸까?? 지금 현재도 혐한에 서로 사이도 안좋은데?? 그런데 이거 확정이야?? 와~~~ 계정 삭제 준비다,0
78,"봤냐? 대기업 과롭히면 어떻게 되는지? 얼마나 많은 법과 규제로 기업을 어렵게 만들면 이러겠나 싶네. 기술구현은 가능하나 법규망을 못 뚫는 서비스가 일본을 통해 구현되고 출시되었으면 하고, 기업의 이윤이 정부의 부가세나 규제로 벌어들인 세금과 사업시행을 위한 로비자금 보다 많았으면 한다. 노예는 주어진 공간에서 해야 할 일을 하지만, 사업가는 법이 정해진 한계를 극복하는게 맞지- 네이버 화이팅이다",1
79,좌빨들아 \n이제 네이버도 꼭 불매 하거라~^^ 알겠지??\n안그러면 너네 언행불일치야~,0
80,네이버 불매해야하나 \n다음으로 갈아탈까,0
81,다음으로 옮겨야지,0
82,적폐기업이네 지금이시국에 족바리기업이랑?화훼이랑 엘지손잡은거보고 본받아라,0
83,도라이들이 그냥 말없이 다음으로 갈아타면 되는데 꼭 한마디씩 하면서 네이버에 힘을 실어주네.,0
84,친일파 기업 네이버,0
85,다음으로 같아타야하는 시기가 온듯..,1
86,이제 네이버이용은 자제해야될듯 일본기업됐네,0
87,에라이 반동분자 네이버!!!! 네가 그러고도 뤼대한 조선반도의 인트라넷이냐?! 쑤까 왜놈하고 교류하지 말고 뤼대한 중화인민공화국과 손을 잡아야 한다!!!!,0
0,개콘 핵노잼 ㅋㅋㅋ 아직도 ㅁㅈㅇ 빨아대는 꼬라지,0
1,희한하게 개콘 풍자는 전라도 정권에선 사라짐. 그리고 우파 정권을 씹기 위해 우파 정권에서 부활하고는 탄압 받는다며 언론 장악이라고 쌍욕함,0
2,박근혜 최순실은  페러디라는 이름하에 그렇쿰 까대면서  조국이는 왜  페러디 안하냐?  개그프로가  한쪽으로 좌편향되고부터  개콘을 안보게됬다  박근혜까는거  잘못됬다는게아니다  단지  공평하지못하는게 시청하기 불편한거다,0
3,최순실&amp;박ㄹ혜 풍자하고 욕한 개그맨들 조국 &amp; 문재인에게는 끌려가서 고문당할까봐 침묵중 좌민상 좌병재,0
4,순악질여사 패거리가 달빛찬양질로 쓴웃음 가득 선사하겠군.,0
5,"요즘 문재인,조국,정경두,강기정.....개그 소재가 무궁무진한데 왜 안쓰냐? 정의로운척하던 유병재는 조국에 대해선 한마디도 안하더라. 방송 몇개 나오니까 돈독이 올라서 몸사리냐? 정녕 너희들이 정치 패러디할수 있었던 이명박,박근혜때가 더 언론이 자유로웠던거다.비겁한 딴따라 ㅅㄲ들",0
6,"1박2일 캐스팅은 개인적으로 실망적이다,,,",0
7,개콘이 왜 망했는지 정말 몰라? 정치풍자를 하려면 여야가리지말고 하던가 한쪽에만 치우쳐서 그걸 개그라고 우기니 망한거지 개그를 보려고 왔지 정치를 보려고 왔냐,0
8,1박 2일 하고 있지않나?? tvn 에서...,0
9,개콘? 요즘 왜   정치 풍자안하냐 조국 문재인  나라 개판으로 만들어놨는데   쓰래기  코메디언들,0
10,"조국에 대해선 풍자도 못하는 엉터리들ㅋㅋ  \n우파들은 점잖고 비판도 수용하니,\n우파만까고 좌파는 까지도 못함",0
11,예전에 개콘재밌게봤는데 요새는 꼬라지보기싫어서 채널바로돌림,0
12,딘딘에서 아..이건 아닌갑다 싶었음 뉴페이스가 그리없나,0
13,사실상 신서유기가 1박2일 ㅋㅋㅋㅋㅋㅋㅋㅋㅋㅋㅋㅋㅋ,1
14,개콘개구맨들 좌퍼정권에 좀ㅂ들,0
15,"캐스팅이...연정훈은 노잼 , 문세윤 식상해 ...이건 아닌듯",0
16,개콘 안본지 2년 넘었다 폐지해라,0
17,정치풍자 요즘 왜 안하냐? 할게 무궁무진 하잖아,0
18,1박2일 요즘 안보고사는데 딘딘나온다하니까 더보기싫어지네요 딘딘 진짜 싫어합니다,0
19,슈돌은 애들 프로그램인데 9시로 옮겨버리면 애들은 보지말라는거네...차라리 1박2일을 옮기지...,0
20,저희애들 슈돌보며 일욜 마무리하는데 9시로 옮기면 못보겠네요~아이들이 볼수 있는 프로 시간은 지켜주시지. . 애들이랑 1박2일은 좀 그렇네요ㅜㅜ,0
21,사실 1박2일은 tvn에서 하고 있는데 ㅋㅋㅋ pd작가 주출연진 모두 거기서 여행예능하는데 그게 1박2일이지,1
22,이황선 CP는 “‘1박2일’에만 독점적으로 출연하는 분들을 모시려고 노력했다\... 구라를 쳐도... 딘딘 김종민 여기저기 다 나오는데,0
23,"1박2일,슈퍼맨이 돌아왔따를 5시부터 연속으로 하면 되지 슈퍼맨을 왜 9시로 내모냐?",0
24,개그는순수하게 개그로승부해야지..너희들개그는 정치색에너무물들었어..예전에정치개그는..현정부를비판하고잘못될걸 지적하기라도했는데..니들은이번정부의 멍멍이처럼 충성을다하고있으니..재미도없고..뻔하게다보이고,0
25,개콘 같은  정치 개그맨 프로 말고   동네한바퀴 같은\n좋은 프로나 늘려라..,0
26,폐지를 해 재미가 없잖아,0
27,"좌편향, 개노잼 ㅇㅇ 철밥통 개그맨들 제작진들 세금으로 그만 먹여살리고 폐지하라. kbs강제수신료 폐지하라.",0
28,슈돌 결국 일요일 밤 9시로 옮기는겨? 알써~ 이제 캐백수 본방사수 할 일 없겠네ㅋㅋㅋ 그나마 시청률 효자프로였던 슈돌 시간대 옮겨서 본방사수하던 시청자들도 떨궈내고 모든 예능 다같이 시청률 내리막 찍을 일만 남았네ㅋㅋㅋ 1박2일 출연진도 별로던데시청률 어떻게 될 줄 알고 함부로 슈돌을 옮기나몰라ㅋ 전처럼 나눠서 방영하던가ㅋㅋㅋ 앞으로 그냥 다운 받아서 볼게ㅋ,0
29,강호동 시절 1박이 그립다. 그땐 예능보고 웃는게 당연한거라...그게 소중한지를 몰랐음.,0
30,아..우리 애들 슈돌만 기다리는데..\n9시면 언제 보고 언제 자냐????????,0
31,1박2일은 시즌 1이 최곤데... 뭐 신서유기가 대체했으니,0
32,이용진 힘들게 인턴생활했는데 멤버로 넣어주라ㅋ,0
33,조국페러디는 왜 안하는데?왜?어이가없어.퉤~왜 뭐가무서워서 않하는데?왜?문재인이가 그리 무섭던?공평하게 해야지 누군하고 누군않하냐??그럼 공평하지가 않잖아!내말이 틀리냐??어?다 해 다다다다 하라고!!,0
34,이수근 도박 성범죄? 발치몽 군역비리 김C 바람? 김준호 도박\n정준영 성범죄 엄태웅 바람 \n문제의 1박2일이 돌아오는구나 이번엔 무슨 재미를 줄까 ㅋ,0
45,"아!! 그립다 그때 그 멤버들, 강호동, 은지원, mc몽, 김c, 이수근, 이승기..최고의 조합이었는데",1
528,유세윤이나 장동민 그리고 이상준 같은애\n있음 겁나 재미있을텐데 ㅋㅋ,1
529,순간의 인기에 대한 욕심때문에 정치개그한 유민상 최효종 정태호 등등 때문에 후배들 밥줄 끊은거임ㅋㅋㅋㅋ 솔직히 까놓고 말해서 개콘 정말 개재미 없음 뉴스보다 안웃김ㅋㅋㅋㅋㅋㅋㅋㅋㅋ,0
530,아니 지금 최순실 박근혜랑 지금 정부를 비교하는거야? 그땐 풍자해놓고 지금은 왜 안하냐고? 지금 정부지지율이 10%대임? 탄핵될정도로 뭘 잘못했나? 풍자거리가 아니니까 안하겠지. 탄핵가능할거 같음 시도해보던가ㅋㅋ황교활이 그렇게 멍청하진 않겠지,0
0,저 생활한복 34000원짜리.. 편안함과 실용성을 추구하는 정국의 취향 리스펙트!! 사람이 명품이니 굳이 명품을 걸치지 않아도 빛이나는 거죠,1
1,품절요정 정국~! 대단해대단해~^^,1
2,"방탄소년단 정국  입고 신고 쓰는 것들과 정국이를 형상화한 콜라보 굿즈들도 품절이나 베스트셀러 상품으로 등극시키는 파급력 영향력!! 쩐다 쩔어! 해외 매체들도 미다스의 손, 트렌드세터라고 꾸준히 기사로 내주던데 정국이는 월드와이드 판매왕이야~ 이런게 진정한 브랜드 가치이자 브랜드 파워지..\n 정국이 자체가 이미 하나의 브랜드야 ~! 이런 강력한 힘은 정국이의 선한 영향력과 착하고 진심 가득한 기운이 팬들의 마음을 움직이는 것이지 .. 오늘 아미키트왔는데 너무 감동이더라ㅠㅠㅠㅠㅠㅠ 아미사랑뿐이야 정국이 너무 착하고 천사같다",1
3,정국이 역시 자체가 빛나는 명품이지,1
4,놀라운 재능에 놀라운 심성,1
5,방탄소년단 정국 슈스답지않은 소박하고 수수한 모습이라 더 사랑스러워 소박한 가격의 생활한복을 입고도 고가의 명품브랜드 못지않은 멋스러움을 보여주었던 정국이!! 선한 영향력으로 중소업체의 매출증대효과까지 이끌며 막강한 브랜드파워를 증명한 정국이 더많은 사랑받길..항상 응원할게,1
6,해외매체들이 트렌드세터 미다스의 손이라고 더 감탄하는 방탄소년단 정국~ 매번 정국이 굿즈 품절 베스트셀러 1위는 너무 당연하고 생각지도 않은 기업까지 미치는 영향력 정말 브랜드 파워 넘사벽이다,1
7,방탄소년단 정국이라는 브랜드가 명품이지 대단한 아이돌이야 자체 브랜드 파워 넘사벽이라 봐도봐도 놀래요,1
8,이런게 애국이다.,1
9,좋은 음악으로 Kpop을 알리는 데 이어 우리나라 전통 의류인 한복까지 전파하는 영향력 존경스럽네요ㅎㅎ 앞으로도 좋은 활동을 통해 한류를 널리 알리는데 기여해주시길 응원합니다!!,1
10,방탄소년단정국이 대단한게 의도하고 입고 먹는게아니라 34000원짜리 생활한복이 너무 편해서 깔별로 2벌씩주문해서 입는다는거,1
11,품절요정 정국 사랑해!!,1
12,방탄소년단 정국 대단해요!! 방탄소년단 덕분에 한복 문의하고 구입하고 착용하는 외국인들 보며 그 영향력에 다시 한번 놀람.,1
13,방탄소년단 정국 생활한복 색깔별루 다 구입하고 돌아감서 입는거 정말 넘 귀엽고 이뻤는데 정국이는 늘  명품홀릭되지도 않고 자기스타일을 멋지게 완성하는거같아서 더 꾹부심입니다\n백화점 입점까지 시키는  브랜드 파워 킹  유행전도사,1
14,방탄소년단정국의 소탈 검소한 성격이 잘나타나네요,1
15,방탄소년단 정국 매번 의도하지않은 품절대란이 sns를 달구죠 한번도 정식으로 상품홍보한적도 없지만 엄청난 파급력에 입틀막입니다 정국이 티비광고하면 세계가 들썩일거에요 개인광고도 못하게 하는 빅힛 .서포팅에는 너무나 아쉽기만 하네요,1
16,괜히 황금 막내가 아니구나 먹는거 입는거 쓰는거 다 대란이네 . 황금비가 내리는 형국. 우리 황금꾹이 소탈하고 대단해 한복까지 유행 시켜주고 애국자가 따로 없다 ??,1
17,정국아 김치 한 조각만 먹어줘. 김치 수출 500% 증진한다. 화이팅,1
18,정말 여러모로 애국의 모범을 보여주시네요. 외모뿐 아니라 마음도 세계 일등입니다. 좋은 노래와 멋진 아무로 세계를 흔드신 분이 세심하게 의상으로도 대한민국을 알리시니 최고이십니다.,1
19,자기자신뿐 아니라 주위에도 빛을 밝히는 힘 전정국,1
20,정국이파워 썬파워,1
21,품절요정 정국~! 대단해대단해~^^,1
22,전세계의 폭발적인 인기에 힘입어 방탄소년단 정국이 입은 생활한복 브랜드가 국내 대형 백화점 본점에 입점. 정국이 인기와 영향력 파급력 강력한 브랜드 파워 대단해. 최고의 월드슈스 정국이라서 가능,1
23,정국의 소탈 검소한 성격이 잘나타나네요,1
24,이런 사람을 군대 면제 해 줘야죠. 금메달 만큼이나 국위 선양 하는데.,1
25,방탄소년단 정국이 공항 패션으로 생활 한복을 선보인 당일 해당 쇼핑몰 온라인 사이트에 국내 팬들은 물론 해외 팬들까지 한꺼번에 몰리며 서버가 다운되기도 했고 업체 측은 물량이 없어서 못 팔 정도로 때 아닌 특수를 누리고 있다.,1
26,정국이가 이 기사 보고 기분 좋은 하루를 보냈으면 ㅋ,1
27,방탄소년단 정국이는 무슨일이있어도 행복해야해 알겠지?!!!,1
28,눈에 보이는 명품로고 옷이 아닌 일반인들도 쉽게 접할 수 있는 가격대의 합리적 소비를 하는 방탄소년단 정국 장말 멋지네요,1
29,정국이 단독광고해도 대박날거 같아요,1
30,품절요정 방탄소년단 정국,1
31,대한민국 전통과자 같은 것도 해외에 널리 알려주세요. 미국인친구가 한국에는 전통적인 풍습과 관련해서 함께먹는 음식이 있어 너무 좋다고 하더라고요. 미국에는 그러한 것이 없고 기껏해야 칠면조라고 하더군요. 전통과자인 약과나 유과 산자 또 전통 사탕인 옥춘등의 유래와 맛등을 설명하면 무척이나 유익할 수 있을것 같아요. 항상 응원 합니다.,1
32,헐~~정국 브랜드 파워 대단해ㄷㄷㄷ,1
33,"아무리해도 정국이 인기나 영향력엔 타격이 없고, 정국이 지키겠다고 코어력만 더 상승하는거 팬들은 다 아는 사실인데, 그게 배아프고 미치겠는 ??들이 오네요. 아미여러분~ 걍 거르고 정국이 칭찬만 많이 해주세요 ^^ 정국이 진짜 최고야??누가 이겨 널~ 사랑한다 우리가수",1
34,"교통사고는 본인 착각이라고 인정했고 바로 사고처리하고 이미 사과해서 깔끔하고 적법하게 처리했으며, 음주아니라고 경찰이 이미 밝혔어요. 방탄 정국 파급력 ㄷㄷㄷ",1
35,진정한 브랜드가치 브랜드파워란 이런걸 말하는거지. 듣보잡 브평은 아무런 설득력도 근거도 없이 조작한 찌질한 구멍가게의 언플일 뿐이고 전세계 전문기관이 주목하고 인정하는 자체브랜드 최고가를 달리는 방탄소년단 정국은 평가가 필요없는 최고의 브랜드파워,1
36,역시 방탄소년단 정국이는 전 세계인의 마음을 움직이는 힘이 있네요........세계적인 패션 잡지 여기저기서 방탄소년단정국이를 이 시대의 트렌드세터 라고 하네요.??,1
37,우리 정국이~~  스케일은 전국~을 넘어서 전세계! ㅎㅎ,1
38,우리의 품절요정 방탄소년단 정국 대단하네요,1
39,다우니부터 이어지는 방탄소년단 정국의 브랜드 파워 엄청나네요,1
40,의도하지 않은 자연스러운 영향력이란 바로 이런거죠 방탄소년단 정국이의 브랜드 파워.,1
41,많은 재능을 가지고 태어났지만 늘 최선과 진심을 다하는 정국이를 사랑해~♡♡,1
42,정국의 소탈 검소한 성격이 잘나타나네요,1
43,정국이가 입으니 한복도 세상 힙하네요,1
44,정국 대단해요!,1
45,방탄소년단 정국의 브랜드 파워 대단하네요,1
46,"방탄소년단 정국 입고 신고 쓰는 것들과 정국이를 형상화한 콜라보 굿즈들도 품절이나 베스트셀러 상품으로 등극시키는 파급력 영향력!! 쩐다 쩔어! 해외 매체들도 미다스의 손, 트렌드세터라고 꾸준히 기사로 내주던데 정국이는 월드와이드 판매왕이야~ 이런게 진정한 브랜드 가치이자 브랜드 파워지.. 정국이 자체가 이미 하나의 브랜드야 ~! 이런 강력한 힘은 정국이의 선한 영향력과 착하고 진심 가득한 기운이 팬들의 마음을 움직이는 것이지 .. 오늘 아미키트왔는데 너무 감동이더라ㅠㅠㅠㅠㅠㅠ 아미사랑뿐이야 정국이 너무 착하고 천사같다",1
47,브랜드파워킹 방탄소년단 정국,1
48,해외매체들이 트렌드세터 미다스의 손이라고 더 감탄하는 방탄소년단 정국~ 매번 정국이 굿즈 품절 베스트셀러 1위는 너무 당연하고 생각지도 않은 기업까지 미치는 영향력 정말 브랜드 파워 넘사벽이다,1
49,"방탄소년단 정국 입고 신고 쓰는 것들과 정국이를 형상화한 콜라보 굿즈들도 품절이나 베스트셀러 상품으로 등극시키는 파급력 영향력!! 쩐다 쩔어! 해외 매체들도 미다스의 손, 트렌드세터라고 꾸준히 기사로 내주던데 정국이는 월드와이드 판매왕이야~ 이런게 진정한 브랜드 가치이자 브랜드 파워지.. 정국이 자체가 이미 하나의 브랜드야 ~! 이런 강력한 힘은 정국이의 선한 영향력과 착하고 진심 가득한 기운이 팬들의 마음을 움직이는 것이지 .. 오늘 아미키트왔는데 너무 감동이더라ㅠㅠㅠㅠㅠㅠ 아미사랑뿐이야 정국이 너무 착하고 천사같다",1
50,방탄소년단 정국 막강한 파급력 이 브랜드는 판매량이 10배까지 치솟으며 인터넷 사이트에서 품절까지 되게 한 정국의 영향력에 감사를 표하기도 했고 정국 덕분에 백화점 본점에서 첫 오프라인으로 판매가 시작됐다. 정국은 많은 유명 브랜드의 매출 증대와 활성화에 긍정적인 도움을 주었고 그의 브랜드 파워는 매체와 팬 모두에게 인정받고 있다\고 전했다.,1
51,방탄소년단 정국 와인 이어 공항패션 한복도 인기,1
52,정국이는 월드 품절요정이지 국내 뿐만아니라 전세계적으로 품절시키는 파워맨 슈스 정국이,1
53,보석같은 존재,1
54,좋은 일 많이하네,1
55,착하고 능력있는 빛이 되는 존재,1
586,또 교통사고내면 형한테 혼난다.,0
587,벤츠도 품절시킬라나?아님 타투도?,0
588,음주,0
589,끼 많고 자유분방하게 여자 좋아하는 거 같은데 회사에서 부끄러운 막내 이미지로 잘도 케어하는 듯. 딴 짓 못하게 박세게 굴리거나. 어릴 때부터 여자 구설 은근 있어왔지. 타투도 찾아보니 노출 심하고 몸으로 자기주장하는 스타일이던데. 전에 제이홉 누나 친구도 인스타에 방탄멤버들과 찍은 사진 올렸다 테러 당한 기억있구만 그 사람도 노출과였음. 정국이만 어깨 두르고...좀 그런 스타일 여자한테 스킨쉽 반응하나. 중딩 때 키스사진이나 여스텝들이람 스킨쉽하며 노닥거리던 것도 안티들 한테 포착되서 영상 남았지. 여자얘기는 다시 나올 거 같아.,0
0,깊이 있는 좋은 기사 잘 읽었어요..영화를 본적이 거의 없는데  우리 나라에 저변이 넓은 이런 배우도 있었군요.기자님의 인터뷰 준비도 심도있게 하셨네요 ..감사합니다,0
1,질투가 날만큼 저 밝음과 여유로움이 건강이 부럽다.,0
2,"운동이 자기관리의 시작이자, 지속입니다",0
3,"정말 멋있고 아름다운 배우중에 한분이라고 생각합니다. 성품과 미모 모두를 갖추었고, 늘 건강한 마인드를 가지고 계시니 몸도 마음도 튼튼한 사람이 될 수 있었겠지요.\n\n이런 좋은 글에도 악플밖에 달지 못하며 남을 비방하는 사람들과는 다르게, 내가 닮고 싶은 사람중에 유일한 배우라고 늘 생각하고 응원하고 있습니다.앞으로도 좋은 작품과 선한 영향력으로 대중들과 함께 해주세요! 이하늬파이팅!",0
4,문희상 조카.,0
5,"기자님 선택은 든, 과거는 던 입니다. 오타가 아니라 너무 뚜렷한 국어문법의 무시네요. 일반인이 아니라 기자님이 이런...",1
6,이 여자가 문정권의 대표적인 수혜자지~ 삼촌인지 누군지 현재 정치쪽에 있다지 대표적인 좌파집구석 문정권 시작되자마자 영화에 드라마에 조연급에서 갑자기 주연으로 급상승 너무실타 니 실력보다 든든한 백으로 출세하고있으니 지금은 뿌듯할거야 ㅋㅋㅋㅋ,0
7,니가 왜 평창에서 메인이었는지 아직도 읭?????스럽다.,0
8,ㅋㅋㅋㅋ또조작영화 18 문좨앙은 나라를 통째로 넘기는중 18,0
9,"공부엔 소질없는 돈많은 집안의  딸내미 성장기,,,",0
10,"이하늬 배우의 영화적 갈증과 고뇌, 앞으로의 행보를 짐작할 수 있어 좋았습니다. 어쩜 이렇게 곧고 고운 생각으로만 가득할까요. 점점 사랑할 수밖에 없네요. 알찬 질문으로 심도있는 대화 이끌어낸 기자님께도 감사드립니다.",1
11,가야금 뜯다가 올림픽 폐막식에서 춘앵무 춘 문희상 조카. 진짜 전공자들은 얼마나 기가 막혔을까. 삶은 소대가리와 열병돼지들의 나라다운 나라다.,0
12,민주당 빽 믿고 스크린 독점하는 년 너무 싫다!!,0
13,이제 국민들도 영화판이 얼마나 좌파정권과 연결되어서 이 나라를 선동하는지 알게 되었다\n좌파정권 인맥으로 망해가는 대한민국 영화판,0
14,운동은 몸을 건강하게 해줄 뿐만 아니라 정신까지도 맑게 해주는 것 같아요. 체력이 증진되어 피로도가 덜 하면 정신적 스트레스도 훨씬 적답니다. 모두 운동하고 건강한 삶을 삽시다.,1
15,영화에 나오긴 하는데.. 항상 저 연기에 어떻게 영화를 찍는지 의아함..,0
16,도대체 언제쯤 정치적 집안 쓰뤡이들 뒷배랑 상관없는 살력자들을 만날까나 웃겨~,0
17,가야금전문가가 춘앵무를 추는... 이번 정권 최대의 수혜자.안나오는데가 없어. 니뒤에 누구누구가 같이 꿀빠니까 가능한일 아냐?아는사람은 다안다.이제 얼마 안남았으니까 힘조!!!,0
18,맑은 정신 몸으로 사는게 정답이다. 당장 술담배 끊고 운동하라.,1
19,인터뷰가 되게 좋네하며 봤더니 명불허전 김지수 기자. 보그에 디렉터로 계셨던 분 맞죠? 이하늬씨 좋아하는데 인터뷰 잘 보았습니다. 하늬씨는 비타민오렌지에너지볼 같아요. 새해엔 주연상 하나 꼭 받으시길. ^^ 기자님도 행복하고 건강하세요.,1
20,김혜수 이하늬씨를 좋아하는데 ..두분다 긍정 에너지와 끝없는 공부와 자기수련 때문이다\n이하늬씨는 젊은 나이에 터득하다니 부럽다,1
21,문희상이 걸림돌.,0
22,삼춘문희상   나도의정부   이집안도  똘아이,0
23,얘도 빽빨 심하지;;;,0
24,돼지머리상,0
25,"생각했던 것보다 아주 괜찮은 사람이군... 내나이 40후반인데, 훨 낫네요. '행복하고 싶습니까? 운동하세요! ^^'는 진리입니다.",1
26,연예계 영화계 빨갱이들 하루속히 박멸 되었으면,0
27,하필 조선일보,0
28,"근데 솔직히 취업에 52조 갖다버린 정권에 살아서인지 사대강22조, 론스타5조3천억도 작게 느껴짐.. 국민 혈세를 강조할 수록 52조가  너무나 크자나.. 뭘로 메꾸나 그 큰돈을.. 결국 국민 세금으로 또..",0
29,멋진 배우! 여배우가 자신을 망가뜨리면서 연기하는 게 참 힘든 일일텐데 혼신의 힘으로 연기하는 이 배우를 보며 정말 놀랐고 감동했습니다. 알찬 인터뷰 기사 감사합니다. 이하늬 배우가 앞으로도 승승장구하기를!,1
30,별 미친 기사도 아닌 광고쓰고 있네. 방 사장은 잘 지내냐?,0
31,저게 멋있는거디,1
32,궁디가 예술!!,1
33,참 단단하신 분이네요.^^행복하세요~??,1
34,던이랑 든 정도는 구분하셔야죠 선생님,0
35,"기자님, '던'과 '든'은 헷갈리지 말아야지요",0
36,기자가 던과 든도 모름,0
37,왜이렇게 길어 기사가 쓸데없이,0
38,특히 런닝같은 운동을 해야함.\n삶이 바뀜,1
39,"이하늬 씨 멋진 분이네요. 몸과 마음이 건강한 분~~\n최인철 교수의 행복론을 읽어봐야겠습니다. 근데 기자님 맞춤법좀 신경써 주세요. 형사든 검사든 변호사든,이 맞습니다.",1
40,자기관리는 인정..그런데 항상 연기에비해 좋은역할을 맡는것같고 연기력에비해 큰배우 취급을 받는것같다. 영화 침묵에서도 이하늬의 팜므파탈을 기대하고봤는데 오히려 최민식 딸 역할로 나온배우에 시선을 한껏 뺏기고나왔다. 침묵이 연기인생의 전환점이라고 했는데 그건 본인 개인적인 생각인듯...보는 내내 저렇게나 매력적인 역할을..다른 배우가 했더라면. 이 생각뿐. 최민식이라는 엄청난 백그라운드가 있음에도 불구하고 빛나고 아름답지않았다. 난 오히려 침묵 보기전 이하늬의 아름다움과 이미지를 되게 좋아했는데 침묵본후 관심도와 기대가 뚝 떨어졌다.,0
41,성경에서 깨는구만. 정신 차리고 사세요. 2천년 가는 대단한 사기꾼 조심하시고요.,0
42,하이팅,1
43,액션씬은 실망이단데,0
44,치킨 먹으면 행복해지는데...,1
45,누구?,0
46,똥을 쌀......,0
47,"형사던, 검사던, 변호사던 -&gt; 형사든 검사든 변호사든",0
48,거의 자서전 길이만큼 길어요 ㅠㅠ,0
49,항상 응원합니다~,1
50,"형사던, 검사던, 변호사던 -&gt; 형사’든’ ??",0
51,.,0
52,멋지다,1
53,위에서 2번째 사진 만화캐릭터같다..,0
54,이기사를 ㅋ쾅이들이 싫어할텐데..,0
55,멋지다,1
56,홧팅 이쁘다,1
57,항상 응원합니다,1
58,헐값에  산 놈 잘못이냐?   헐값에 팔라고 지시한 대중이가  OOO지!,0
59,https://book.naver.com/bookdb/book_detail.nhn?bid=14466519,0
60,당연 한거 ㅋ,0
61,계상이.네 이놈,0
62,나는 저 사람 싫엌~,0
63,참좋은 대화 질문도 대답도 \n기분좋은기사  읽었습니다  감사합니다\n오랫만에 너무 오랜만에,1
64,전라도,0
65,"너도 꺼져라 삼존빽 믿고 연애계에서 설치는.,  그리고 연기공부좀 해라. 연기자가 뻔하다",0
66,참 멋진 배우다\n이코땐 너무 아름다웠고,1
67,최민식 씨가 안하무인하던 조선 찌라시 기레기를 시원하게 문전박대 하던 때가 떠오르네.,0
68,신나는 음악들으며 뛰는게 최고  헬스노가다들 하루만 안해도 살들 흘러내림,0
69,"이런 분들께서 페미니즘을 주장하신다면 설령 그것이 지나치고 강한 발언이라도 존중하고 따르겠다. 남성/여성을 떠나서 이런게 주체적이고 멋있는 삶이며, 존경받아 마땅한 것이다. 운동은 커녕 움직이지도 않고, 먹는데에만 올인하면서 입으로만 캔두 애니띵이나 질러대는 우리 아몰랑들아. 니들이 그렇게나 인정받고 싶다면 적어도 이정도는 실천해라 그저 아몰랑 쿵쾅댄다고 세상이 너희들을 바라봐주는게 아니란다. 그러니 이불킥들이나 열심히 하고, 치킨 먹으면서 시위다니지 ㅉㅉ",0
70,이하늬 매력적이다. ^^,1
71,정신적 뿌리가 문재인 개민주쪽이라 영~,0
72,그러기엔 비주얼이 ㅜ,0
73,조선이랑 인터뷰하는 자체가 이해가 안되네~~,0
74,매력있다,1
75,하늬언니 웃을때 볼 패이는게 너무 예뻐요.... 사람을 외모로 좋아하면 안되겠지만 제 워너비에요 ??????,1
76,완전 공감가는 인터뷰입니다. 선순환...! 평소 제가 좋아하는 배우입니다.  마인드가 참 좋습니다.,1
77,너무 한국미인형임ㅠㅠ이뻐요,1
78,론스타를 상기시키면 일제치하 만큼 억울하다 \n차라리 굶는 북한주민한테 그돈으로 배불리 먹이는게 낫지,0
79,연기력이 타배우들에 비해서 형편없는데도 항상 연기갑인 주연들과 연기하게되는 배우. 진정으로 당신이 배우라고 생각한다면 연기를 탄탄하게 처음부터 공부하세요  당신이 당신연기를 보세요 어떤지,1
80,이하늬.  \n얘는 여러모로 참 괜찮아~~,1
81,살빠진 문희상씨가 떠올라 이제는 별로다.,0
82,얘도 정신 못차리는구나. 재수없게 조선에 나오는걸 보니 돌 좀 맞아야겠다. 팬 이었는데...,0
83,응 운동도 다 돈이야 하늬야~ 넌 돈이 많아서 지속 가능하지 돈 없으면 운동 지속적으로 절대 못해,0
0,저도 펭수에 빠져서 유트브 계속 다시보기해요 ㅋㅋ \n근데 하나 궁금한게 왜 ebs연습생 인거죠???\n아시는분 댓글 주심 감사합니다 ^0^,1
1,펭수가 사랑 받는 건 혐오가 없음 남녀 차별하지 않고 예의를 차림 독설도 없고 펜이라는 단어로 성별을 뛰어넘어 모두 사랑함 이게 먹혔다는 거임,1
2,이 나이에 EBS 금요일 저녁에 자이언트 펭수TV 본방사수하고 있어요~ ㅋㅋ 유투브도 구독해서 보고 직캠도 찾아보고... 아이돌 좋아하는 것처럼 어느새 스케줄 체크해서 방송 기다렸다가 보고. 펭수중독증이 장난 아니네요. 워오~,1
3,펭수야진짜사랑해.. 항상응원한다,1
4,펭수와 장성규는 결이 다른데 자꾸 둘을 같은 맥락으로 묶는 거 이해 안 되네.,0
5,펭하!,1
6,펭수 덕에 유명해지신 EBS사장님! 김명중 ㅋㅋㅋ 펭수 덕에 알게 됨,1
7,첨에 여성시대에 펭수소개하는데 별 이상한애를 스타라고 소개하고 짜증나네 하고 껏던걸 아직도 후회하고 있음 펭수 펭수거려서 보게됬는데 처음에 이놈 뭔데 사람이잖아 근데 무슨펭귄? 아닙니다 미개했습니다 저는 바보였어요 펭수는 10살 펭귄이에여 보호해줘야하는 어린펭귄이였어요 사랑해 펭수야..,1
8,장성규는 저기 왜끼냐 별로,0
9,엣헴 엣헴 신이나 신이나 ㅋ 들썩뜰썩,1
10,펭수랑 장성규랑은 엮지 마라 순수한 동심 파괴 하지마라 기레기야,0
11,펭수때문에 즐거워 고마워,1
12,"펭수는 남극에서 월클을 꿈 꾸며 헤엄쳐 왔어요. 스위스에 잠시 들려 요들송 배우고 다시 헤엄쳐 인천 바다로 왔는데 어떤 아주머니께서 택시태워 EBS로 보내셨데여. 넓고 시원한곳이 좋다며 소품실에서 살고있데여.  펭수 너무 좋아요... 몸이 너무 안좋아서 힘든데, 몸ㄷㆍ펭수보면 시간 가는줄 모르겠어요.. 세상 행복해요.. 잠들기 전까지 옆에서 펭수 소리 들으며 자는데 요즘 펭수앓이 하느라 행복합니다. 펭수야 사랑해ㅠ ㅠ",1
13,못생겨도 귀여운 건 왤까? ㅎ,1
14,우와... 펭수한테 장성규를 가져다 붙이네.. 둘이 비교가 돼?,0
15,펭수는 그렇다쳐도 장성규는?  글쎄다,0
16,펭수가 내 최애배우 장기용도 밀어내는중 ㅋㅋㅋ,1
17,펭수에게 내가 입덕 할줄  몰랐다 !\n어린아이들이  보는 프로아닌가!\n펭수야 항상건강하고 방송에서 오래오래 보자~,1
18,장성규 선넘규 흥해라!! 매일 아침마다 라디오 잘 듣고 있어요~~,1
19,성규는 워크맨에서만 웃기는게 함정..\n워크맨에서는 진짜웃김.. 똑같은 드립을 라스에서 솔비한테  손톱이 다썩었네  드립했다가  진짜 갑분싸... 솔비도 어리둥절 \n보는 내가민망하더라   드립칠려면 앞에 짜장면 손으로 드시고오셨나봐요 같은 손톱이 검해서 드립친다 라는 분위기를 줘야되는데  느닷없이 손톱이 다썩었네  그러고있으니  ㅋ,0
20,난 별로 안 좋아함 불편해 왜 선을 넘을랑 말랑하는거야? 신동엽도 아슬아슬하다 말하지만 전혀 안 불편한데 쟤들은 불편해.,0
21,유심인이 누나인지 먼지 거기 사장 아닌가보네.. 그러니 EBS가 다시 제대로 방송되고있나보군,1
22,니미 개줮짝퉁 고라파덕에 팽귄 뽀로로모자씌운 쓰레기를 혁신적 문십세캐릭터로 키워놓네ㅋㅋㅋㅋ,1
23,흐재근 수준낮은 비평 진짜 싫다,0
24,사장나와~~ㅋㅋ,1
25,김명중,0
26,펭수가 우울한 삶에서 유일한 낙,1
27,와~ 펭수가 장성규라고 댓글 다는 사람은 기사는 읽고 댓글 쓰냐? 기사를 읽기 싫으면 댓글도 그냥 달지 마라.,0
28,"펭수인지  뭔지  왜난리? 멍청한표정. 못생긴얼굴. 세상이 이상해졌다. 저런게 인기고,저런게 돈벌고 . 날마다의 성실한 노동은 우매하고 어쩌다캐릭터 대박쳐 한탕하는게 추앙받는 괴물세상.",0
29,사회적 문제로 돌리면 정부의 탄압과 언론사의 가짜뉴스 그외 사회인사들의 거짓말과 거짓해명으로 인해 분노가 쌓이는데 그걸 선넘듯 까주기 때문에 하나의 장르가 되어가는 것이다. 정작 80년대 처럼 정부를 까주지도 못하게 만들어버린 탄압정국때문에 코메디도 사라지고 ... 슬프구나,0
30,저 펭귄 캐릭터로 정글법칙 나레이션하던데 누군지 모르겠지만 극혐 정말 듣기 싫었다...하필 그때가 내가 저캐릭터를 처음접한날이라..그닥.ㅡ,0
31,난 펭수도좋은데 장성규가 제대로다 ㅋㅋㅋ 적적한삶에 선을넘는 캐릭터로 웃게해준 최초캐릭터이다. 장성규의 선은 진짜다 ㅎㅎ 요즘 사람들이 너무 기준이빡빡햇는데 장성규는 방송으로 대리만족을 충족시켜주는사람이다. 그다음이 펭수야:),1
32,요즘 왜 이렇게 밀어줌? 문재인 똥꼬라도 빨았냐?,0
33,나는 글쎄;,0
34,나 성규 조아라한데 미친 -ㄴ-인건 확실히ㅡ아는데두 조아라한디 ㅋㅋㅋㅋㅋ성규 홧팅!!!,1
35,펭수는 누가 밀어주냐?? 이 방송 저 방송 막 나오더라.,0
36,구독70만을 구독300만이훌쩍넘는 장성규에 비비네,0
37,펭수의 정체는 장성규라니,0
38,갑자기 얘를 왜 못띄워서 안달이냐 어느좌빨이 만들었나봐,0
39,펭수가 장성규였구나,0
0,데모에 참가한사람은 모두 사표처리 하시길  국민이 봉인가  일하기실으면 그만들하시게,0
1,다 사표 받고 1년 2년 걸리더라도 20대로 죄다 채우고 난담에 운행합시다. 20대애들 취업도 어렵다는데 일하기 힘들면 관두세요. 님들보다 자영업자들 훨씬 힘듭니다.,0
2,귀족노조 특 : 불만은 많은데 그만두는 사람은 없음,0
3,국민을 볼모로 파업 잘하는짓이다 앵앵 울어줄때마다 급여인상시켜주니 심심하면 파업이냐 줄서는사람들많은데 꼬우면 관둬라 또남주긴 싫지?,0
4,"또냐?\n이 어려운 불경기에 파업이라니,,,",0
5,공무원이랑 복지 비슷하고 절대 짤릴리없고 매년 호봉 올라가고 4년차 승무원 주임연봉이 사천 이상 7년차 오천이상 한달에 16일 일하고 하루 대기시간포함 여섯시간 일하는개꿀 직업인데 임금 인상? 파업? 나라가 막장이구나,0
6,그리 불만이면 그만  사표내라 지금 연봉 복지보다 30프로 줄여도 일하겠다는 사람   많다,0
7,그냥   퇴사해서 직원  많이  고용하는  사업하세요 그리고 직원들 원하는 것 다 들어 주세요,0
8,저 사람들 다 자르고 신규채용해라..우루루 몰려갈거다.,0
9,홍준표가 민노총과 싸운 경험있으니 홍준표를 노동부장관으로 보내어 저 악마같은 좀비 민노총을 쓸어버려라,0
10,"나는 자영업 하다가 장사 너무 안되서 빚만지고 접었는데. 노조 니들은 참 좋겠다. 문재인이 지켜주니까 짤릴걱정도 없고,밤나 파업질이나 해대고,,너무 부럽다.이노무 좌파천국",0
11,KTX 무인화 해버려라 ㅎㅎ저런애들 솔직히 필요없지 않냐? 나이도 많고,0
12,이새끼들는 파업도 어느정도 납득이 되는걸로 파업을하던지 무슨 철도일하는게 벼슬도 아니고 일자리가 없어서 먹고살기가 힘들어봐야 다신 파업을 안하지,0
13,사표 받으세요. 국민들이 도와줄게요,0
14,파업하는놈들좀잡아가둬라...일하기싫다는애들자르고알하겠다는사람좀취업시켜라.일자리없어시름하는실업자천지다~~,0
15,일 안하는 애들 짤라라. 일 할 애들 트럭으로 기다린다.,0
16,진짜들 넘 한다. 서민들은 안중에 없고 오로지 지들 돈에만.,0
17,민주노총은 쓰레기 집단이다 자신의 이익 밖에는 생각하지를 않는다 잘못해도 오냐오냐 하며 젓병을 물려줘야 하는 쓰레기 들이다,0
18,불만은 그처럼 많은데 왜 그만두는 사람이 없는지 엄청 궁금,0
19,얘넨 배불러 이러는거지?? 월급이 적으면 그만두면돼~  툭함 운행중단 돈버는 세상인가 어디 그만한 직장없겠구만 작작해라,0
59,"노조공화국,문재앙",0
60,절이 싫으면 중이 떠나는것이다.. 철도원이 싫으면 다들 사표쓰고 나가라!,0
61,파업이 무슨 놀이처럼 뻑하면하네 정말 안쓰럽네요,0
62,검찰과  경찰은  파업시  머리띄  두르면  모두  구속해야지......민주주의  국가인지  좌빨 들인지,0
63,진짜 가지가지다,0
64,파업에 참여한 모든자들을 당장 해고하고 일하고싶은 수많은사람들에게 그기회를 제공하라!!,0
65,어렵다어려워  사는게,0
66,그만 두기엔 아깝고 일은 안하면서 돈 받고 싶고.,0
67,금밥그릇으로 한단계 더 올라가려는 개 씨레기들,0
68,ㅅㅂ 출퇴근길을 막아버리네 ㅋㅋ 덕분에 회사근처 모탤에서 자게 생겼네 ㅋㅋㅋㅋ 귀족노조 다 OOO,0
69,철도노조 경제도 어려운데 일하기 싫으면 그만두고 그자리에 일자리없는 젊은층 뽑아서 쓰면 안되나,0
70,쟤들이 파업 하는 이유는? 무능한 대통령의 정치질 때문....,0
71,철도  무인자동화  앞당겨  파업시는  죄다  짤라 버려라,0
72,정규직이 벼슬이다 떠거랄것들아,0
73,관심없어,0
74,해고해라 손가락빨아봐야 정신차리지 대체인력뽑아서 운영해라,0
75,그만둬라\n실업자 취업좀 하자\n제발 제발,0
76,철밥통.  싫타고. 옘 병 하는 넘들. 일망 타진 하고. 젊 은 인력. 대체. 하라.  ㅡㅡㅡ,0
77,해고하세요  저새끼들 표사주기도 싫다,0
78,어쩔수 없이타는 KTX인데...... 망했으면 좋겠어요.. 아~~ 또 고생길 열렸네..,0
79,제발  망해라~~~\n제발 망해라~~~,0
80,파업의 핑계가 별로 납득이 안된다. 에스알하고 통합은 왜 주장하는가? 안전강화를 위한 인력 투입만 주장해라.,0
81,"수능 논술, 면접이라도 다 끝난뒤에 해라. 이해는 가지만, 이기적이다.",0
82,국가적혈류가막히는군!올스톱인건가?????,0
83,박근혜때는 전분 고용해지하겠다고 엄포놓으니 하나 둘씩 돌아왔었다.,0
84,걍 다 짜르고 새로뽑자 지원할사람 많을텐데,0
85,다 잘라라. 배불러서 저런다.,0
86,새 직원 뽑아라\n진짜 피해보는것도 한두번이지ㅡㅡ\n다 사표수리 ㄱㄱ,0
87,다 갈아 엎어 버려라,0
88,"전부 다 자를 수도 없고, 선별해 복귀하는거 봐서 잘라버리세요.",0
89,저것들 다 짤라라 배불럿다 OOO들,0
90,철도공기업이 ㄹㅇ 개씹꿀이라는거 알만한사람들은 다 알지ㅋㅋㅋㄱㄱㅋㅋㄱㅋㅋㄱㅋㅋㅋㅋㅋㅋㅋㅋㅋㅋㅋㅋㅋㅋㅋㅋㅋㅋㅋㅋ 내부에서도 저거직렬끼리 어디가 더 꿀빠는지 싸움 ㅋㅋㅋㅋㅋㅋ,0
91,성대  다니고  코레일 을 목표로 문제도 풀고\n열심히 준비중 입니다  저 좋은 자리에서 뭐하는 거냐? ? ? ?  지하철은 시민들의 발이기도 하고\n저는 광교한양수자인 38평 거주합니다,0
92,모두 잘라라 취직하고싶은 사람 넘쳐난다,0
93,벽에 똥칠할때까지 무기한 총파업해라. . 재발,0
94,출퇴근   시간만 조정해주세요   힘들어요,0
95,폐지줍는 할머니보다 못하네,0
96,뭔 짓거리냐? 시민들생각 안하냐?,0
97,꼰대 틀딱들 이제 파업하는거 보면 나이도 어린데 치가 떨려서 곧 틀니 맞추러갈거같다 ㅅㅂ,0
98,해고하고 다시 뽑아라.. 저임금에 일할사람 천지다,0
99,조용히 해라!!!!!!,0
100,이유같지 않은걸로  잘하는 짓이다,0
101,다 털어버려,0
102,파업 그만해주세요ㅠㅠ,0
103,진짜 기가막힌다 파업하는건 자유인데 있던 열차시간자체를 없애버리면 시골에서 그시간 그기차아니면 안되는 사람들은 어쩌란 말이냐?,0
104,학생들 시험 보는데 일주일만 미루지...,0
105,영원히 파업하자~~\n화이팅!!~~,0
106,회사가 갑질하는게 아니라 노조가 갑질하네~~요즘 노조의 본래취지가 퇴색되는군~,0
107,휴가복귄데..,0
108,차 없는 지방 어르신들 병원도 마음대로 못간다.  이러니 나이가 많아도 차. 운전 해야된다.  파업을 해도 1시간 정도 연착은 기다리기라도 하지만 운행을 완전히 멈추면 어떡하냐?,0
109,한국은  파업도 연봉 순위대로 하는군...ㅠㅠ\n 현대차 연봉1위기업 파업도 1위. 철도 종사자들 연봉 2위 기업아닌가?,0
110,문재인 하야만이 이 나라를 살리는 길이다,0
0,아무것도 안사고 내복만준다해도 가지말자ㅡ.ㅡ\n자존심도 없나..\n줘도 안해!,0
1,진짜 유니클로 매장에 보이는인간들 보면...돌던지고싶긴 하더라.,0
2,공짜라면 나라도 팔아먹을듯,0
3,쪽바리  제품  꽁짜 좋아하지말자  계획적으로  불매운동해야됩니다  아배쪽바리가 무릎꿇고빌때까지  계획적으로해야됩니다,0
4,도쿄올림픽 불참했음 싶은데요.,0
5,진짜 자존심도 없는가~\n옷 한장 없어서 발가벗고 사는것도 아닌데\n저들의 비아냥 꺼리 웃음꺼리가 되는것 같아  화가 납니다,0
6,사실 난 한일관계에서 외교를 외교로 풀지 못하는게 못마땅하지만.. 이정도면 유니클로가 한국민을 고의적으로 갖고 논다는 생각이 드네...,0
7,"다들 내복 한벌 살돈도없습니까?윤봉길,안중근의사가 통탄하시겠어요~",0
8,왜 맞불 경챙 하는 업체가 탑텐 이라고 말을 안해요 그리고 탑텐은 20만장을 풀었으니  탑텐으로 가세요 김포공항 롯데몰 입구에 유니클로가 있는데 그곳을 쳐다도 보징살구 지나 앞으로 쭉 가시면 탑텐있어요 국산품을 애용 합시다,0
9,얼어디질망정 그지 근성은 버립시다. 이러니 우릴 얕보는거 아닙니까. 최소한의 자존심은 지킬줄 아는 국민이 됩시다.,0
10,마케팅은 유니클로에서는 충분히 할만한거지... 매출올리려고.. 근데 그런다고 거기 줄서서 사는 사람들은 생각이 있는건지 없는건지... 정말 부끄럽다 우리나라를 얼마나 우습게보겠니... 에휴 불매를 하려고 해도 단합도안되고 단돈 몇푼에.. 답답하다정말...,0
11,독립군들은 발열내의 입지않고 구멍숭숭뚫린 누더기 걸치며 나라를 지켰다. 너희더러 목숨걸며 나라 지켜달라더냐\n자존심이라도 좀 지켜란 말이다.,0
12,그냥 불매운동에 동참 안하는 사람보다 불매운동하는척 하다가 공짜라니깐 가는 인간들이 더싫다..  제발 일말에 자존심만은 지키자...  조선인은 공짜를 좋아한다는 논리를 깔고 조선인을 대해온 일본을 잊지말자. 일본에 속아서 끌려갔다가 평생 짐승만도 못하게 살다가간 조상생각도 하자.,0
13,진짜  우리민족의 자존심을 지키자  쪽바리가 준 공짜내의  불매운동을  교란시켜볼려는 쪽바리의 교활한 술책이고  주고나서 뒤에서는 비웃을 족속이다 절대 속지말자,0
14,한국민을 개돼지로 만든 일본 유니클로의 개수작에 치가 떨린다..,0
15,자존심 다 버리고 일본제품삿구먼 ㅠㅠ\n공짜에눈멀고ㅡ\n냄비근성인것들아 ㅠㅠ,0
16,거지냐?,0
17,공짜....과연 공짜인까 생각든다 자기 자존심이 몇만원 가치밖에 안되나 참 씁쓸하고 창피하고 차라리 길거리서 구걸하느게 자존심 덜상하겠다 그거입고 올겨울 몸은 따뜻하고 마음은 죽도록 시린 겨울들 보냈으면한다,0
18,겨우 그 내복 하나에 자존심을 파네,0
19,무식해서 그러는 겁니까? 그새 일본이 우리나라에게 어떻게 했는지 까먹었습니까?  정말 안타깝고 슬퍼요~ 우리 힘좀 합쳐요,0
20,꽁짜준다고하니우루루줄서는것들보니깐부끄럽더라,0
21,일본에서 공짜좋아하는 조센징이라고 얼마나 비웃을까 일부러 공짜 푼거야 우리를 조롱하고싶어서,0
22,와  놀랍다 거지들이 저렇게많은지,0
23,네이버는 광고 중단하라!,0
24,기자양반. 20만장 풀었다는 국내 브랜드 이름을 명시해줘야하지않나요?,0
25,참....속도없다,0
26,도대체 유니클로에 가는 사람들은 무슨 생각을 가지고 있을까?  쪽팔리다..,0
27,일본은 한국산 제품 불매가 일상입니다. 명심하세요. 공짜에 놀어나지말고 나라 국격을 떨어뜨리는 인간이 되지맙시다.,0
28,자존심도없나 일본은 상시로 불매중인데 우리는 공짜라면 아주그냥 자존심다버리고가네 우동사리자식들 창피하다창피해,0
29,얘들은 일부러 놀리는듯 함...,0
30,공짜라고 하니 받아간거지? 맞지?  공짜도 좋지만 저렇게 받고싶지는 않다!  받으러간사람 비하하진 않겠으나 그러고 싶었냐 라고 한번쯤은 묻고싶은 솔직한심정,0
31,내복하나랑 울 할매를 바꾸다니.. 허 참...,0
32,진짜 이것들이 사람 거지취급하고있네 공짜로 줘도 안쳐입어 일베브랜드,0
33,이딴 마케팅 자체가 한국을 없신여기는 거다. 그래 잘됐다 아주 오랜간 불매운동이 아니고 영원히 일본은 없다.,0
34,야  자존심도 없냐  참    유니클로근처도 안가고 일본제물건 안산다.아베가 물러날때까지는 최소한 그래야하지않을까,0
35,거지같은 인간들 그러고싶냐  돈만원에 자존심팔고 한심한 인간들 욕처먹어도 싸다,0
36,돈에 국민의 자존심을 팔지는 않겠습니다~~\n'이래도 안올것같냐'는 식의 전략이 자금으로 우리를더 우롱하려는것 같네요~~,0
37,자존심 팔고 발열내의 입고 겨울 나면 살림살이 나아지니 거지들아!!!!!,0
38,이 새끼들이 어디내복쪼가리로 사람을간봐 줘도안입어 개새드라ㅋ,0
39,거지근성 뿜뿜,0
40,36년씩 지배당한 이유가 있는거지 지들한테 득된다면 나라도 팔아먹고 자존심이고 뭐고  다 팽개치고,0
41,제발 정신좀 차려라,0
42,꼴랑 내복 하나 받으려고... 아이구야,0
43,이번달만 한 30만원어치 구매 했습니다.. 유니클로 너무 좋아요~~ ㅋㅋ 불매하고 싶으면 지들이나 하면 그만이지 남들도 지들처럼 안하니까 화나서 댓글다는거 진짜 웃기네요~ ㅋㅋ ㅋㅋ,1
44,저걸 사는 바보도 있는 현실 뭐 ~ 어쩔 수 없지 바보는 그냥 바보일 뿐 ~ 부끄러움도 모를 뿐,0
45,유니클로에서 예전에 싼맛에 옷 구입했는데 요즘은 아에 안감  세일을해도 공짜로 줘도 안가  난 대한민국 국민이니까,0
46,거지들이 입는옷이라 거지들이 줄서는구나,0
47,솔직히 부끄럽고 쪽팔린다...,0
48,돈도 없고 품새도 없는건가 ~영화대사 돈이 없지 가오가 없냐고 내복 공짜  껴준다 달려가는 모양새라니,0
49,진짜 자존심좀지킵시다,0
50,공짜 마케팅을 한다는 자체로도 자존심 상하고 수치스럽다,0
51,최소한 자존심은 지킵시다,0
52,이러니 자꾸 무시하지.. 사람마다 생각이 다르다지만 그렇다고 다른 나라사람도 아니고.. 거지근성! 짜증난다!,0
53,거지새.키들.,0
54,내복 하나에 자존심을 파냐?,0
55,유니옷 안입으면 당장 큰일나나 내복하나에 자존심을파나!!,0
56,자존심이란게 없으니  가겠죠  노예근성 거지근성,0
57,저걸로 얼마나 일본에서 조롱할까생각하니 답답하네  일베유니폼꽁짜라고 좋다고받는건가,0
58,아베가 10만원 주면 아베앞에서 무릎이라도 꿇을 놈들,0
59,부끄럽습니다.,0
60,판사람이 나쁜게 아니라 공짜라고  주서서 가져간 인간들이 문제 아닌가요?이런 인간들은 나라도 팔아먹을 인간들인것 같구만..그깟 내복 한벌 살돈도 없는건지?,0
61,사업하면서 공짜로 주는데는 다 이유가 있겠죠..일본꺼 불매합시다,0
62,돈 만원에 자존심을 팽개쳐버리는 인간들!!!,0
63,기회만 있으면 울나라사람들 떠보는구나...울나라에서 장사하는 주제에 뭘해도 미운짓만 골라서하네...그게 일본의 나쁜근성,0
64,제발이러지맙시다 냄비근성이라는데 그러고싶을까 창피하다!!,0
65,"불매운동에 일본이 아닌 한국정부를 비판하는 OOO들이 있다. 한국정부가 잘했든 못했든 다른국가와 경쟁이 붙었고, 그 다른국가가 조선시대 7년간 우리를 침략해 수탈해갔고, 근대에는 36년간 우리를 노예로 만들고 우리 여자들을 강간한 국가다....유니클로 내복만 쳐입지말고 생각좀 하고 살아라",0
66,"짜증나네요.....\n제발 자존심은 버리지 말고 삽시다 어려워도....,",0
67,byc사입어라.쪽팔린줄이나알고.쯧쯧,0
68,쓰레기들,0
69,누가 개돼지 밥먹는데 뭐라하냐. 그냥 밥은 먹게 둬라. 만일 주인 밥상에 와서 멍멍 꿀꿀하면 회초리로 자국 내준다. 피 터지게.,0
70,반대누르는 일베충들....용쓴다,0
71,"길 가다가 유니클로를 입은 잡것들이 보이면, 그 더러운 쌍판데기에 침을 퉤퉤 벹어준 후, 귓싸대기를 날려 주도록 하자... 금수만도 못한 개잡것들이니 무슨 짓을 해도 상관없다고 본다.",0
72,제발 좀 가지 말아요.정말 부끄러운지 아셔야 되요,0
73,"딸은 일본대학보낸 문재앙, 렉서스타는 박원숭. 도쿄에 집있는 박영선 이것들이 제일 악질 친일파임",0
74,진짜 대한민국인으로써 파렴치한 원숭이들 놀음에 놀아나지말고 자존심 지키자,0
75,이꼴보고 웃고 있는 사람들은 딱 두곳이네!왜놈들이랑 수입된 아베당,0
76,일본은  지진날때 식품 라면과자 일본산 다른 외국산 동날때 한국산 만 남아 있더라 ㅋㅋㅋ  정말  실망이나 국민성에 돈 만원대면 사는 내복  색.사이즈도 선택못하는걸  그걸  좋다고 웃으면서 득탬했다고 껄껄거릴듯 ㅎㅎ 조만간 불매운동후 매출영업이익   보란듯  광고할듯 ㅎㅎ 조만간  전세계에  한국인은 공짜이벤하면 다 해결한다고  광고할듯 ㅎ,0
77,근데 가는놈이 분명있다는거지 저걸쳐 입을려고,0
78,참나 불매운동 몇달만에 공짜내복하나에\n사러가는 국민들보면서 쪽바리들이 얼마나\n비웃고있을까   참 씁쓸하네요,0
79,이걸 받으려고 줄서냐,0
80,사지마라 쫌,0
81,유니클로꺼 아니어도 입을옷도 많고 다른메이커도 많다 \n민족을 우숩게 만드는 쪽바리들의  전략에 휘둘리지 말아야한다 일본은 정말 안되는 나라다,0
82,나라팔아먹었던 그때 그사람들과 다를 바 없다고 생각이 드는데 ....,0
83,공짜로 받은 사람들 모여서 태우는 행사 한번 해야할듯,0
84,무뇌면 가슴이라도 장착해야지,0
85,싸구려 공짜 내복에 줄서는 양심불량 양아치  놈들. 돈 몇푼에 비굴하게 양심팔아먹는 쓰레기인간들,0
86,시대가 어느 시대인데 아직도 이런 거지들이... 후쿠시마 가서 황국신민으로 살아라,0
87,안중근 의사께 죄송해지네요,0
88,다른데서 고만큼 충분히 아낄수 있다 내복한장에 자존심은 내다 팔지말자~~~!!!!!,0
89,진짜 자존심도 없는 개돼지들 많더라,0
90,슬프네요...정신좀 차립시다...ㅜㅜ,0
91,그냥 창피하다,0
92,유니클로가 문제가 아니고 국민수준이 문제다,0
93,공짜!~.공짜!~..왜놈들 뒤에서...신나서 비웃고 있을거야....,0
94,"일본제품 사주고, 일본 여행가서 돈쓰고.. 언젠가 또다시 한반도 침략자금 주는것 아닌가요? ?? 세계 최초로 핵폭탄 맞은 쪽바리ㅋㅋ 한국이 핵폭탄을 가져야 하는데..?? 친일파인지, 친일파 후손인지.. 일부 개돼지들이 추운날씨에 콧물 훌쩍거리며 유니클로 공짜 줄서서 내복 받아갔다며??? 으이그.. 야후 재팬에 조센징 개돼지들 그지 깽깽이라고 쪽바리들 폭소 대잔치하든뎈ㅋ?? 한심한 간나색히들 N?? 아베~ N??일본",0
95,그깟 내복 한 장에 자존심을 버리다니 ㅜㅜ,0
96,조센징의 한계인가....공짜라면 자식도 팔아먹는 더러운 한국~~~제발 이러지 맙시다!!! 이번일로 쪽바리들은 더 한국 우습게 생각합니다!!!!,0
97,아 쒸 그만좀 사자고...\n자존심도 없냐?,0
98,교활한 쪽발이 상술에 놀아나는 탐욕적 냄비근성들... 쪽팔린다..ㅠㅠ,0
99,거지냐  어휴 부끄럽지도 않은가,0
100,내복한 벌에 양심도 나라도 국민도\n우리 제발 이러지는 맙시다,0
101,거기서 문빠가 왜 나오건데 정신머리하고는 끝까지 정신 못차리네,0
102,똥 오줌도 구분도 못하는 한심한 인간들,0
103,아오 쪽팔린것들,0
104,이 자식들은 한국을 아주 치졸하게 만드네~ 거기에 부화뇌동하는 일베족들~ 정말 토착왜구들은 이 땅에서 좀 사라져줘라~ 아니면 쌍도인민공화국으로 가던지...,0
105,유니클로 퇴출 시켜야한다..갖고논다 .,0
106,안 사~ 니네가 뭔짓을 해도,0
107,누가누가 배알도 없는 거지인지 보자,0
108,공짜라도 싫은데...가는 사람들은 무슨 생각으로 가는걸까?\n공짜라면 나라도 팔아 먹겠지...휴,0
109,유니끌로야... 담에는 무기줘라... 그때는 ... 나도 갈께~~~~,0
110,그냥주는게 아니라 상품을 하나사야 주는게 어찌 공짜냐?,0
111,이건 진짜 아니다 자존심은 지키자,0
112,유니끌로  내복 다~~~~~ 주고 그담엔 뭐 줄까?.?  아베줄라나?? 큭큭큭,0
113,우리 국민이 공짜 좋아한다고 생각하는 일본의 야비한 발상이다..내복하나 못 얻는다고겨울 못나는건 아니다..,0
114,우리의 자존심을 지킵시다. 우리가 거지입니까??\n대한민국을 이끄는 우리는 최소한의 민족성을 생각했으면 합니다.,0
115,우리의 기억속에서 유니클로를 지워야합니다. :),0
116,일본차 탄다고 나를 욕하던 친구놈이 내복준다는말에 냉큼 겨울점퍼샀다. 나는 4년전에 차샀지만 지금 눈치보며 나름 불매운동하고 세금  꼬박내는데 이 친구놈이 내보고 쪽빠리라고 욕하는데 어이가 없드란..,0
117,이런 놈들때문에 우리나라가 일제 치하에서 굴욕을 당했죠.. 나만 좋으면 되 나만 편하면 되 라는 생각..다른 누군가는 나라를 위해 목숨을 받치고 싸울때 매국노들은 지들 이익만 따지면서 행동했죠..,0
118,명성황후 사지 잘라 죽이고 시신 못찾게 태워버린 개쪽바리들이다. 역사를 잊는순간 반드시 그 역사는 반복됩니다.,0
119,정신차리자,0
120,챙피한  공짜!   부끄러운 손!,0
121,그깟것 얼마나한다고 자존심 상하게스리 여기저기 이완용  후손들이 돌아댕기는구먼~~카~~악 툇,0
122,거지도아니고 내복한장에 자존심버리지마라,0
123,것도 대부분 줄서는 알바였다며? ㅁㅊ. 여러분 개취야 존중하지만 일본 네티즌의 욕은 먹지 맙시다. 우린 할수있어요. 화이팅~!!,0
271,개돼지판독기네ㅋㅋㅋ,0
0,"경제 똑바로가고 있다며...,이러면서 또 오늘 국민과의 대화에서 거짓말 하겠지!청와대 3실장이 거짓말 자화자찬 한것처럼",0
1,시원하게 말아 드시는 중!!!!,0
2,미·중 무역갈등과 홍콩 사태 등 글로벌 정치·경제에 불확실성이 커진 가운데 국내 경기 침체와 일본 수출규제 등의 여파로 기업 영업실적 악화가 이어질 것이란 전망이다. ???? 원인 나와있는데?? 그리고 국가x 기업등급임,0
3,14개 기업에 부정적 전망 === 기업들 잘 대비해라,0
4,미치겠다 이런데도 이제 겨우 임기 반 지났다. 지나온 시간과 같은 길이의 시간을 통째로 한 번 더 겪어야 한다.. 엄청난 고강도의  버티기 운동을 하다가 남은 시간이 한참이라는 사실을 확인했을 때도 이렇게 숨이 턱 막힐 정도로 답답하고 절망적이진 않았다,0
5,정말 이건 예견된 상황입니다. 2년전부터 경제지표가 안좋아지기 시작했는데요. 그때 52시간제와 최저임금을 급격히 올렸을 때 예견된 상황입니다. 대한민국 역사상 가장무능한 정권입니다. 그리고 너무 뻔뻔스럽니다. 잘못을 인정하기는커녕 잘 하고 있다는식이니...,0
6,"생산적인 일을 해본적 없는 것들이, 나눠먹기에만 몰두하니 엉망이지~!!",0
0,대한민국 국민만 받을수있게 바꿔라 10년이상거주자에게만 건보적용하고,0
1,영국이 브렉시트 하는 이유가 바로 건강보험이지. 루마니아 출신 택시기사가 가족을 10명 이상 데꼬와서 영국에서 의료혜택 이빠이 받고 돈은 영국인 노동자들이 지급하고...한국도 똑 같네...멍청한 보건복지부...ㅎㅎ,0
2,외국인은 건보혜택 그냥 없애버리고 생돈내고 치료받게하면 그만이다. 진짜 나라가 어찌 이리 돌아가냐?,0
3,이거 완전히 미친 짓거리. 내 아는 사람 필리핀 부인인데 장인어른 무료로 암치료  받고 갔슴.,0
4,도대체 제대로 하는 일이 뭐냐고!!!,0
5,진짜 전세계 호구 나라 답다. 대통령 진짜 잘 뽑아라 전세계인들에게 호구처럼 잘해주고 뒤통수 쳐맞는 멍청한 인권무새 말고 진짜 우리나라 국민을 위하는 대통령을 뽑아야됨. 우리나라 사람들이 외국가서 다치면 건보혜택 받냐?  몇년씩 살아도 시민권 받기전에는 간단한 맹장수술 도 수백 수천만원씩 부담해야된다. 외국인들은 귀화 하기전에는 건강보험 가입 못하게 막아야된다.,0
6,국민건강보험 은 국민 즉 대한민국 국민을 위한 국민 건강 보험이다 대한민국 국민만을  국민건강보험  적용이 맞다 외국인은 외국인 보험을 따로 만들어라 왜 우리가 힘들게 낸 세금을 퍼 주는지 이해 할 수 없다,0
7,호주 캐나다 이론 이민자의나라에서도 건보혜택 엄청타이트하고 시민권 영주권 전엔 알아서 병고치는데 왜 때문에? 이게 논란의 대상인지 모르겠다. 해주지마 외국인들. 그리고 결핵환자 공항에소 돌려보내 고쳐주지말고,0
8,외국인은 무조건 실비로 받고. 돈없음 자근ㄱ으로 추방해라. 나는 일년에 한번도 병원 안간다. 매달 이십만원씩 아깝다.자영업자라고 폭탄투하!\n누굴 위한 건보료인가?,0
9,조국이가 뭔짓 했는지 외국인 이민법 보시길...문재인 탄핵이 답이다!!!!!,0
10,아 미친.....이게 나라냐?? 왜 장모...ㅋㅋ 외국인 치료를 이상하게 해주냐!! 국민세금으로..외국인인데... 참 어이 없네..,0
11,우리나라 국민은  외국가면 이래저래 죄인처럼 살아갑니다. 병원도 못가고 아프면 비행기값 낭비하며 한국 올수밖에 없고 불이익당해도 어느누구 안도와주니 그러려니 하고삽니다. 국내 외국인 인권 신경쓰는건 좋은데 먼저 돈벌어다주는 해외자국민부터 챙기시지요.  특히 소상공인들 세금 못견뎌 외국으로 엄청 쫒겨났지요,0
12,내가 내는 보험료 한달 보험료 엄청 많음\n한심스럽다\n그러면서 직장 보험가입자 보험료 올리랴 거주기간 더 늘려라 도대체 이사람들이 대한민국 발전을 위해\n무슨 일을 했냐 \n미친정부네,0
13,대한민국에10년이상 거주자만 건보료 혜택받을수있게 법재정하고 피부양자 혜택없애라!!! 피같은 국민세금으로 외국인까지 혜택보게하는 나래정책 바꿔라!!! 도둑놈들!!,0
14,저번에 보건복지부 장관 인류애적 관점 이야기하던데...\n그럴꺼면 건보료 올리지마라 당장 내년부터 또 올리면서 왜 외국인을 도와줘?,0
15,"외국인들은 여행자 보험이 있고, 우리나라에 취업 외국인은 회사에서 해주는데.. 최소 10년은 거주해야 준한국인 대우해줘야하는 것은 아닐까? 그것도 부양가족은 한국인과 결혼한 경우에만 해주고 나머지는 단독으로  해야한다",0
16,대통령하나 잘못 뽑아 나라 거덜나겠다   이게 다 문재앙이 문제다 문재앙 탄핵이 답이다!!!!,0
17,하는 짓들이 전부 주먹구구식ㆍ이 정권에서 잘하는게 정말 뭐있니?,0
18,"호주, 캐나다, 미국인 암치료 받고 가는것봄\n심지어 그중 한명은 남의 명의 빌려서 치료받음",0
19,인터뷰 내용 중 우리가 대체 왜 외국인에게 우리와 같은 돈을 걷고 보장을 해야하냐고 묻고싶다. 외국나가봐라. 외국인들과 자국민이 같은 혜택 받는 나라가 있는지. 말도 안되는 소리를 자꾸 깨어있다고 생각하는듯,0
20,매년 보험료 엄청 올리고 이게 뭐하는짓이냐? 내국인 아니면 미국처럼 비싸게 치료 받게 해라,0
21,나라가 미쳐간다\n이정권만의 문제가 아니다\n대한민국 정치권 모두가 문제다,0
0,"좌좀 들의 전형적인  선전선동 방식, 여론몰이 작전이다",0
1,하여간 문재앙광신도일당 달창들 진짜 우리사회의 악이다 기필코 싹다 몰아내자..,0
2,진실을 말하는것도 개돼지 취급하나? 장교수 가슴에 손을얹고 진실해라,0
3,조국빠 문빠 집단 히스테리갔네 ㅋㅋㅋㅋㅋㅋㅋ 참 더럽다 !!!!,0
4,ㅎㅎ. 저들의맨낮을보는구나,0
5,"사회가 발전하려면 건전한 진보도 필요하다. 현재 한국의 좌파 정치인, 시민단체, 노조, 언론은 진정한 진보가 아니다. 국민들은 미투운동을 통해 그들의 비도덕성을 확인했고, 조국 사태를 통해서는 부도덕성과 파렴치함, 탐욕, 거짓, 사기성 등 온갖 비리를 확인했으며, 현정권을 통해 그 무지와 무능을 실감했다. 진보가 진보다워지려면 김경률이나 진중권처럼 적어도 최소한의 양심을 가져야 한다.",0
6,진교수님의 학자적양심 존경합니다,1
7,"진교수 훌륭합니다. 최순실 사태 때 정의를 외치던 자들이 조국사태 때는 무죄추정의 원칙을 주장하면서 추악한 짓을 하는  것을 보니 나도 구역질이 나는데, 그런 인간들 얼굴 꼴 보기도 역겹습니다. 진교수께서도 그러셨을 것 같네요. 건강하세요.",1
8,진중권이 그래도 좌파들 중  진정  양심과  인간성을 갖췄다고 본다\n대다수의 좌익들 범죄자를 옹호하고 부정하려는 불순세력  정의와 공정이 무엇인지도 모르는  정신분열자들인것이다,1
9,증말 싫어.조국같은 범죄자집안을 진보라고 옹호하는 인간들..진중권을 왜 공격하니. 내편이면 범죄해도.지키는게 진보니.쓰레기들아,0
10,범죄자를 비호하는건 공범인거다 조패밀리비호세력들 유촉새는 정신나갔고 문가는 실패한 조국임명은 반드시 국민앞에 사죄해야지만 뻔뻔한 얼굴들고다니냐?,0
11,진중권님 그래도 당신은 양심이 살아있는 진짜 진보입니다~~화이팅 하세요,1
12,사람이 배운다는 것은  옳고  그름을  분별할 줄 아는 능력 키움이다   분별력  학자적  안목의 높이를 존경합니다  저 썩은 무리들의 악취 풍기는 언빨이 불쾌하시겠지만  그냥  웃어 넘기세요  저들의 광기는 이성을 잃은지  세월이 넘  바랬습니다  진실을 밝히는 것이 \n이 시대 지성인들의 사명입니다,1
13,진중권 원래 싫어했는데   어려운시국에  올바른 말을 하는  징의파라   다시봤다,1
14,진교수를 좋아하지 않는다 난.. 그러나 그의 이념적인 행동에 있어서는 박수를 보낸다.. 자유민주주의 국가는 자신의 의견을 낼수있는 표현의 자유가 있으며 오로지 법만이 이것을 통제할수 있는 수단이 되는것이다.. 진교수는 좌파지식인이지만 좌빨들처럼 무턱대고 이념에만 사로잡히지 않았다는 것을 보여주었다.. 좌파지식인으로써 부끄럽지는 않았다.. 좌우 정치에서 서로 대립하면서 발전해 나아갈수는 있으나 양심을 버리고 법치를 무너뜨리면서 오로지 여론몰이로 단체에 의존하는 인민민주주의는 사회의 악이자 진정한 적폐이다.. 최소한 그는 아니었다..,1
15,봐라. 중권아. 이게 바로 니가 낳은 좀비다. 니 말이 키운 괴물들이다.그치만 걱정마라. 우리가 저것들 죄다 기소햬서 콩밥먹여줄꺼니까. 똥은 니들이 싸고 바로잡는건 우리구나.,1
16,전라도는  대한민국에서 분리독립하라!!,0
17,진중권 화이팅 !!!!!!,1
18,빨갱이들이 양심선언을 진정한 영웅에게 돌팔매질들을 하고 있네.\n그것이 너희 문빠들의 특징이다.\n너희들이 특권층이라 생각하기 때문이다.,0
20,"주사파,간첩 사회주의자들  거짓말,남탓,내로남불 생산공장이다. 자기편 아니면 전부 악으로 몬다. 반민주적,전체주의적,불의로 가득찬 집단 ",0
21,장경욱 이런 넘도 교수라고ㅡ불쌍한 인간이다,0
22,진중권교수가  편한길을 놓고 왜 진실을 말하려하는지 잘보고 배웁시다...니편네편 없이 공정성을 가지세요,1
23,진중권 용기와 순수함에 박수를 보냅니다. 이분으로인해 깨어날자들 많을 겁니다!,1
24,조국지지자들은 일반국민이 아니다 민주당이나 좌파어느쪽에 속한 극좌파인물이다 전국의  10퍼도 안되는 극좌파애들이 자유대한민국을 흔들고있는거다 중도우파국민들은 절대 드루킹과같은 선전선동에 넘어가선안된다,1
25,진중권이 문빠 좌좀들에게 학을 떼겠네. ㅋㅋㅋ,0
26,장교수님 양심을 파시나요? 현재 조국과 그가족들의 만행을 보면서도???,0
27,"나도 민주당 지지하지만 조국 지지하는 얼빠진 인간들은 이해할 수 없다. 조국 때문에 정부,여당에 얼마나 마이너스가 되었냐~",0
28,조국 지지자들의  정체는 뭔가?  서초동에서  여의도에서  정경심 교수님  사랑한다고  질질짜던 짐승같은 \n 것들의    정체는 도대체 뭐란  말인가?\n\n조국이 나라를 구했냐?\n열심히 일해서 세금 많이 냈냐?\n나라 위해 봉사라도 많이 했냐?\n정의로움을 몸소 실천하여  젊은이들의 본보기가 되었는가?\n\n\n오로지  흉칙한  기생충  같은 삶을 살아왔을  뿐인데....,0
29,진중권교수의 양심선언 지지합니다.,1
30,뭐 묻은개가  뭐묻은개  나무라듯이   진교수가  말한것은 팩트야~  모르고  한얘기보다  알고도  진실을 말하지  않는자가  비겁한거지~  진보에는  진중권밖에  없다는  사실만 알고  그나마 진보를  지탱해주는것은  진교수 진실의 입이다,1
31,문재인 탄핵,0
32,장교수 다 까발려진 상황에서 뭘 계속 어그로를 끄시나? 팩트는 조국이 위조에 사기라는게 수많은 증거 및 정황으로 드러났고 당사자들이 사실을 밝혔는데 제3자가 아니라고 하니 어이가 없네요 귀신이 들였거나 미쳤거나 둘중의 하나겠죠,0
33,위조니까 원본을 못내놓는게 사람이라면 추론할수있는 상식아니냐?? 장교수야 ㅋㅋㅋㅋㅋ,0
34,진중권교수님 진정한 용기입니다 김재동.김미화.이승환.유시민.등 진보주의자들 진정한 용기가 무엇인지 가슴에서 우러나온다고본다,1
35,문파들은 사회악이다 나라에서 없어져야할 좀비같은 인간들이다,0
36,옛날에는 없이 살아도 좌빨 좀비가 없었다 문빠 달창에 물리고 전부 전염이 되었다 디디티 확 뿌려서 구데기까지 좀멸해야 하지 안을까 싶네,0
37,"장교수라는 이놈도  뇌 없이 짖어대는  놈들이랑 똑 걑은 놈이네,,,,\n잘못은 인정 못하고 오로지 말로 장난치는,,,\n원래 떼거지로  몰려다니며  짖어대는것이  우리나라 진보 추종자들  모습",0
38,평범한 시민이라면 진중권 말에 전적으로 공감한다. 그 말했다고 항의하고 조국수호한다고 좇아다니는 사람들은  제정신이 아니거나 혹시 알바하는건 아닌지 볼....,1
39,이래서 문빠달창들은 답이 없는거다.\n걍 좃국이나 빨면서 한평생 살다가라~~~,0
40,달창 대깨문 문꼴오소리들 또 발작질 하네 저것들 과는 상종을 하면 안돼요 인간 탈을 쓴 악마 무리들 이에요,0
41,저 뇌없는 무리들의 아우성이 피곤할 뿐...  참으로  멋진 말이다 .,1
42,전직 법무부장관이  진술거부  코메디아닌가요?,0
43,달창과 대깨문은 질병입니다 박멸대상이죠,0
44,아직도 조국수호 외치는 무뇌아들 있다는게 신기할 따름이다 내 옆에 있다면 얼굴에 침을 뱉고싶다,0
45,진중권 교수는 진보의 자격이 있는 분이다 ??? 범죄자를 옹호하는 쓰레기들 ?? 쓰레기 하치장으로 보내라,0
46,좌파 종북 빨갱이들 노는 꼬라지 봐라 전부 뇌속에 똥만 들어있는것들,0
47,"무서운 좌빨들 지들 노선 아니면 어제의 내편도 가차없이 차버린다, 윤석렬, 진중권 ...",0
48,진교수 바른말했는데 쫌생이니 악플다는넘들 양아치다,0
49,"좌파는 양심과 상식과 진실에 기초하여  사고하는 유형이 아니고, 이념과 패거리와  흑배논리에  기초하여 행동하는 기생충에 불과하다는 것을 조국사태를 통해 만천하에 드러낸 것이다.",0
50,빨갱이 자식들이 문빠일 가능성이 높다.  콩심은데 콩나고 팥심은데 팥난다. 저것들은 다 북한이나 중국으로 보내자,0
51,진중권 교수님 그나마 양심있는 진보이시네요,1
52,"진중권이 뭘 잘못했다고, 몰려가서 난리인가... 잘못한 놈은 자식들 좋은 대학보내려고 표창장 위조하는 사기부부이지...전부터 조국 편드는 저 동양대 교수라는 놈도 한자리 얻고 싶어서 발정난 문슬람이겠지ㄷㄷ 문재앙 빨다가 공기업 이사되는 문빠아줌마, 개그맨에서 시사앵커되는 죄동이처럼...문재앙 화이트리스트 명단에 들어가고 싶어서 개소리하면서 조국 부인 옹호하는 저 교수는 당장 박탈시켜야 한다",0
53,진중권 교수는 불가근불가원의 딜레마를 용단있게 극복한 인물이라 생각한다. 대단한 용기와 양심이 작용했을 것이다. 그 용단에 지지와 응원을 보낸다.??????,1
54,이번에 진교수도 달창 대깨문들의 민낯을 제대로 봤겠구만..개떼처럼 떼거지로 몰려가서  \n테러수준의 악플다는 역겨운 행동을,0
55,"조국을 옹호하는 사람들도 이제 정신을 차려야지, 비리가 계속 나오는자를 왜 지지하는지?",0
0,저런 교수 밑에서 배우니 목사들이 다 노답인거구만,0
1,성직자중 아랫도리에서 자유로운자가 몇이나 될까  남을 이끄는 목자이기전에 자신의 아랫도리 목자가 좀 되어보거라 더럽고 추잡한것들.,0
2,철저히 밝히고 파면해라,0
3,수많은 신실한 목회자와 신앙인들의 얼굴에 먹칠하는 저런 자는 교수가 아니다.하나님이 미워하시는 거짓 덩어리일 뿐이다,0
4,학생들이라도 깨어있어 다행입니다. 학생입장에서 공론화하는것도 용기가 필요한데 응원하고 지지합니다.,1
5,마귀는 교회안에 있다,0
6,"하나님을 알지도못하면서 세상적으로살아가기위한 직업목사들..  이들은 어떤사명감도,신념도없습니다  하나님의영광을추락시키기위한 사탄의종들입니다",0
7,제발 목회자나 신대 교수라는 인간들 처신 좀 잘해라~ 같은 크리스챤으로서 챙피하다 진짜,0
8,화장 고치는걸 매춘녀로 본다니....\n그 머린 도대체 뭘로 차있는거야????,0
9,"목사? 목사다운 목사가 대한민국에 있기는 한가? 여신도 성범죄. 교회비리. 헌금장사. 가족비리. 세습비리. 돈을 섬기는건지 대체 그들이 말하는 예수를 섬기는건지? 기본적으로 종교인은 결혼을 하면 안된다. 자식을 두면 안되는거 아니냐? 결국은 남을 위해 봉사가 아닌 자식 물려줄 욕심이 생기면 결국 고귀했던 뜻은 사그러들고 가족이 먼저고 돈의 노예가 아니냐? 왜 캐톨릭 신부 사제들, 승려들이 결혼을 안하는데? 그것이 바로 가장 큰 원인이다. 인간이면 그리 될 수 밖에 없다. 고기먹고 술먹고 여신도 성교다 똑같이 하면서 나는 성직자다??",0
10,저런 얘기하면서 실실 웃는 표정..안봐도 그려짐..\n음담패설 하면서 하느님은 좀 팔지마라. 교수란것들이..,0
11,난 교회다닌다고 하면 그사람 색 안경 끼고 보게됨,0
12,여러분들 언론은 이제 교회 까기를 대대적으로\n합니다   이상한사람들 있을수 있습니다 정신나간\n사람이 신학교가서 이상한짓 할수 있으나 이들은\n다 하나님의 무서운심판을 받을것입니다\n나라를 위해 울며 기도하고 오른손이 한 일 왼손이\n모르게 하라란 말씀대로 각종봉사와 후원들 \n드러내지않게 세상의빛의 역할을 하는 교회들이\n더 많습니다  교회가 살아야 나라가삽니다\n성경안에 참인권의 원리가 있고 가정과 건강한\n남자와여자 그리고 부부끼리에게만 허용하신 성\n이 있고  세상을 품는 사랑이 있습니다\n수많은 올곳게 신앙생활하는 이들 욕되게하지\n마십시오,1
13,옛말에 말 잘하면 사기꾼 아니면 목사 된다는 말이 있었지..,0
14,십계명에 하나님의 이름을 함부로 부르지 말고 거짓증언 하지말라고 하는데 저것들은 저 죄를 어떻게 감당할라고 함부로 입을 놀리지?,0
15,몇몆  수준떨어지는 성직자가 기독교를 대표하진 않아요.,0
16,생각은 자유로울 수 있으나 절제가 안된다면 지도자의 자리에 있으면 안된다. 교수도 목회자도.,1
17,더듬어 민주당만 할까. 미투만 보더라도.ㅋ,0
18,성범죄 1위 직업답다 ㅋㅋㅋㅋㅋㅋㅋㅋㅋㅋㅋㅋㅋㅋ,0
19,왜 보지를 보지라 하지 못하지? 사전에도 있는 단어인데 너무 금기시 하는거 아니냐?,0
20,나라가 미쳐 날뛰는구나,0
21,이래서 교회안다녀요~\n우리아이들도 맨날 친구들이나 동네교회에서 오라고 하는데.....절대 못가게해요~!!\n이상한 사람들 너무 많아요~--;,0
22,대부분 좌빨 교수넘들일거 같은 생각이 드네..,0
23,목사들 수준좀 높혀라\n우후죽순처럼 학교답지도 않은 신학대학이\n전국에 깔렸고 공부하고는 담을 쌓고있던애들 그냥 원서만 쓰면가는 신학교출신들이 그냥 목사랍시고 전국방방곳곳에 한집넘어교회인데 어떻게 수준있는 목사나 교회가 되겠나,0
24,난 불교신자지만 하나님의 존재도 믿는다.저 목사들은 하나님의존재 자체를 부인하는 자들이다.내비둬두 온전히 살아남기 힘들것이다.심판이 다가왔다.,1
25,2년동안교회다니면서 교회도 사람사는곳이라 다들웃고는있으나 속이 시커먼사람도많고 헌금운영방식이나 개인사 털어놓게유도하여 위로해주는방식으로 사람맘을흔들죠하나님은계시다고 지금도 믿고있으나 그이름을 더럽히는것이 사람이니 웃으며강요하고 주일못나가면 왜못갔는지 일일이 톡이 오니까 보고해야하고 봉사도 예배도 차츰 강요로 둘러싸이는걸보면서 실망하고 뉴스엔 말도안되는 찌꺼지들이 목사네임달고 추잡한말에 행동 역겹더라구요 구원 받고싶었죠 그러나 이젠 그런팬덤속에서 구원받고싶진않네요 소신껏 어려운사람돕고 마음쓰며 스스로 살아가는게 낫죠,0
26,기사 제목 자체가 여성을더  노골적으로  표현하네 ㅋ어그로 타고싶어서 ㅋ  여성 위하는 척   노골적 성기  표현으로  두번  죽이네 ㅋ  생각 없는   페미들  이기사보고  좋다고  좋아요  처 누르는    수준들  한심하다 ㅋㅋ,0
27,목사중 50%는  섹스광 나머지 50%는 섹스광 + 돈벌레,0
28,개나소나 목사하고 교수해서 그런거다.  하나님의 심판날에 화있을진저...이 독사의 새끼들아..,0
29,대한민국에서는 사라져야될 종교임...백해무익하다고 하는 담배보다 더 쓰잘데기없음.,0
30,원래 교회 쪽이 더러워.. 개독목사 성범죄 직업 1위 잖아.. 다 이유가 있어.,0
31,어차피 자의로 신학대학 가는애들 별로 없다. 공부 못하고 대학갈만한데 없으면 대충 점수 맞춰 갔다가 목회자의길을 걷는다고.....그런애들이 목사도되고 신학대교수도하고있으니 대한민국 개신교가 망해가는거다. 나도 개신교도지만 진짜 답이 없다.,0
32,한  마디로 교수들이  문제네 조국 교수 정경님교수  고려대  총장교수  동양대 거짓 진술교수   그래도 정의롭고 공정하고 양심있고 선하고 존경스로운 용기있는  교수님 들이 많아요  그래서 아직 살만한 세상 만들어봐요 주사파 공산당  몰아내고요,0
33,이 세상은 예수와 하나님을 핑계로 한 가짜 종교인들이 득시글 거리는 세상이다~!? 다 지늠들 먹고 살자고 하는 생계형! 그 이상도 이하도 아니다!!!,0
34,이런 놈도 있고 저런 분도 있다. 총신대에서 이런 일이 발생했다는 것이 문제가 있지만 많은 교수 분들 중에서 극소수 이런 교수 놈들 때문에 국민들이 총신대 자체를 폄하하지 않았으면 한다. 어느 대학이나 어느 회사나 어느 사회나 어느 국가나 이런 놈들은 쌓이고 쌓였다. 세상은 천국이 아니다.,0
35,사실여부부터 확인부탁드립니다. 요즘 거짓선동이 워낙 많아서 팩트체크부터 우선!!!,1
36,역겹다 역겨워..개신교가 개독교 소리듣는 이유가 있었구먼.신학 가르치는 학교 맞나??,0
37,빨리 잡아서 도려내시길 한 사람 때문에 선량한 목회지 전체가 욕 먹습니다 더 안타까운건 이런 기사를 반기는 자들이 기다렸다는 듯이 전체를 다 도매급으로 싸잡아 일반화 시켜버려서 욕하는 게 더 큰 문제입니다,0
38,"여보세요 기자양반, 그리고 데스크에 앉아있는\n양반,  이런걸 신문에 꼭 실어야 되겠어요?\n혹시 이런내용 즐기는것 아니요? 우연히 들었다고,  우연히 보았다고 다 말로 옮기고 글로\n쓸 필요 있을까요?  누가 더  한심한지 모르겠네",0
39,저런넘들이  TV패널 나가서 문재인 칭찬하고 더불어독재당  칭찬하고 평화통일 부르짖지,0
40,성공회대 교수는 다  좌파 정치꾼이거나  친북파  거짓말쟁이  이중인격자,0
41,이래서 성폭력을 제일 많이 저지르는 직업군1위가  목사새끼들이라고 하는구만! 빤스목사도 여신도들에게 빤스내려라했더만! 10????,0
1203,"총신대는 씨, 발 무슨 .. 사탄이 접수했구만. ㅋㅋ 니네는 그렇게 생각안하겠지. 이 좇, OOO들",0
1204,개신교\n개잡부들\n성상납은 당연\n믿습니다\n아멘,0
1205,ㅋㅋㅋㅋㅋㅋㅋㅋㅋㅋㅋㅋ 와우 어이 없어서 웃음만 나온다 ㅋㅋㅋㅋㅋㅋㅋㅋㅋㅋ 세상에 저런 돌아이가 존재한다니,0
1206,맞는말 아닌가?ㅋㅋㅋㅋㅋㅋㅋㅋㅋㅋㅋㅋㅋ 계집년들의 보X 잘 만들었잖음 ㅋㅋ 우리 보덍보덍한 계집년들 ㅋㅋ,1
1207,공공장소나 길거리에서 사람들 신경도안쓰고 거울보고 화장하는건 진짜ㅋ. 다른 사람들 투명인간취급? 이기심으로 똘똘뭉친 그런 민폐짓거리 왜 함?ㅉㅉ,0
1208,신이 잘 만든 작품!!! 니가족들 작품부터 전시해,0
1209,이런놈들이.전광훈이같은빤쓰를따라다니겠지.교수는개뿔.개뼉다귀만도못한양아지들이다,0
1210,아니 첫번째거 빼고는 다 팩트네. 팩폭에 ㅂㄷㅂㄷ하는 한녀들 진심 소오오름 ㅎㄷㄷㄷㄷ,0
1211,여기 좌빨들 양성소 아냐,0
1212,역시 한국 기독교,0
1213,인간은 이미 누구나 타락한 존재 입니다!,0
1214,"총신대? 이 씨, 발 섀끼들? 사탄(Satan)이 니네 한테는 안붙어 있을 것 같냐? 존나 선하고 아는척하네? 이 씨, 발롬들 ?",0
1215,개독목사가 문제인지 감투쓰고 환장하는 여편네들이 문제인지... 성을 파는 여성이 문제인지 사는 남성이 문제인지... 닭이 먼저인지 계란이 먼저인지...,0
1216,황교안이 기독교를 끌어들이더라. 문제는 기독교는 금욕주의적이거든. 자본주의 자체에는 별 도움이 않되. 그러니까 우파중 일부분이 불만을 갖는거고. 기독교해체를 주장하는 신좌파와도 얼핏 연대할 가능성이 있는거야. 아니 이미 연대하고있는지도 모르지. 문제는 페미니즘인데. 너무 금욕주의로 가면 신보수주의와 야합한게 아니냐란 비판이 나오고. 너무 성적자유주의로 가면 네오맑시즘이나 6070년대 급진주의. 혹은 리버럴로만 보이는거지.. 물론 공천을 앞두고 여성할당제를 요구하는 쪽이 페미니즘 이슈를 띄우는데 이념없는 짓거리에 불과하다.,1
1217,여성의 XX는 하나님께서 굉장히 잘 만드셨어요. 이 말 맞는 말인데..어머니는 위대하시죠.,0
1218,저러니 목사들이 개판이지.ㅋㅋ,0
0,죽일거면 남의 집 귀한딸을 왜 데려와 미틴 영감쟁이야 확마 지옥이나 가라 나라 망신이다,0
1,장가는 왜가냐 혼자 살다 디지지,0
2,짐승못한 못한 인간 남편 믿고 그 먼 타국에서 힘들게 온 반려자한테 넌 그냥 무기징역으로 살아라,0
3,한국 거지들이  외국가서  돈있는척  하는인간들이 세계에서 제일 못나고 추잡한 루저들,0
4,나라 망신,0
5,자연적으로 도태되어야할 유전자들이 억지로 번식을 하려고 하니 이런 문제가 생기는거다 20대 배울만큼 배운 젊은이들도 세상살기 어렵고 자식한테 가난을 물려주기 싫어서 결혼을 포기하는 마당에 늙어서 능력도 안되는 사람들이 왜 궂이 기를쓰고 어린 동남아애들 돈주고 데려와서 저러냐 지능이 떨어지면 그냥 더이상 자손을 퍼트리지마라,0
6,매매혼 금지 시켜라 성을 사고파는거랑 똑같다고본다,0
7,결혼중개업소 단속좀 쎄게하고 관련법도 강화해라 이게 무슨 결혼이냐 인신매매지 쓰레기 같은 노친네가 딸같은 여자를 어떻게 이런일이 가능하냐 분노가 치솟는다,0
8,태국와이프랑 연애결혼한 30대남자로서 진짜 55세 결혼시켜준 업체부터 찾아내자. 부양할 능력도 없는 인간을 돈때문에 결혼시켜 이억만리 타지에 와서 고생만하다 이게뭐냐????  서류직업 소득 이런거 다 허위기재아니냐??,0
9,너무 슬픈일이다   한국사람으로써 부끄럽고 미안한 마음입니다,0
10,베트남에 인계해라. 베트남 감옥에서 썩게 만들던가 베트남에서 사형을 당하던가. 이 무슨 국가망신이냐?,0
11,인구 줄어든다고 국제매매혼 권장하는 나라가 미친거다.,0
12,한국에 온지얼마 되지도 않았는데 생활비 알아서 하라니......무시하고 폭언에 갑질이 어떠했을지 안봐도 뻔하네.....이딴식으로 대할거면 결혼을 왜함??,0
13,니가 그러니까 그때까지 장가를 못갔던거다 제발 지 주제파악해서 혼자 살아야 할쓰레기들은 혼자살아라 붕진들아,0
14,이새끼도 베트남가서 죽게 보내라!!,0
15,이런사람 중매한 업체도 처벌해야된다.\n자격도 없는 사람을 장가보내서 아까운 남의 생명만 빼앗고 국가망신 자초했네,0
16,능력없고 성격 더러우면 제발 결혼 하지마라\n자발적으로 결혼할 능력은 없고 여자랑 섹스는 하고싶고  ... 매매혼 진짜 한심 .\n매매혼으로 거래했으면 돈을 잘줘야지 조또없눈게 자삑하면 여자죽이지,0
17,혼자 살다  죽지!!!!그나이에 결혼을 왜해!!!!!!!!남의 귀한 자식 왜 죽이냐고!!!!!!!전벌 받아야돼 반드시,0
18,베트남 국민여러분  한국인의 한사람으로서 죄송하고 미안합니다  허지만..어쩌다 몇놈 저런 또라이가 있는거지 한국인 전체가 그러는건 아닙니다  고인의 명복을 빕니다..,0
19,박항서가 이미지 좋게 만들면 뭐해! 이런 게쓰레기같은 정화조에 담궈버릴시키들때문에  다 깍아먹는걸! 베트남 관광 못가겠다,0
20,식당 알바하는 외노자 언니들 전부 한국올때는  모국 생활비 지원 매달 20만원 정도 약속 받고 오는데 실제로 받는 사람들 몇없어서 한국서 파트타임 식당알바 하더라 . \n웃긴건 그런 와이프가 알바 시작 하니  남자들이 일을 듬성듬성 가기 시작한거. \n나이는 먹고 밥차려 주고 성욕 풀 여잔 필요하고 \n그래서 돈 준다하고 데려 왔더니 문화차이 로 말은 안통하고  그 여자들도 성격은 있으니 싸움은 잦아지지 .주작 아니고 우리집 가게 알바하러온 외국인 언니들 3명 있었는데 3명 다 그럼.,0
21,미친...한국여자한테 선택못받은 루저놈들이 베트남 여자 데려다 죽이기까지...,0
22,인신매매혼 금지해라 진짜 정부가 인신매매 조장하는 후진국,0
23,시바 50넘은놈이 노망이났네. 40대에도 결혼못하면 포기해야지,0
24,"나도 국제결혼한 1인입니다. 나이차는 8살이구요. 일단 문화,사고방식이 다르다보니 트러블도 있지만 ,나 하나 보고 모든걸 버리고 온 사람이란 생각에 오히려 사랑으로 감싸줘야한다는걸 생각하고 이해해주려고 노력하며 6년째 잘 살고 있다. 그리고 제발 인종차별좀 ...",0
0,어이 기자양반\n붐베이 모시기 그거믿고 설마설마 하고 살겠니? \n아니면 유전자 검사한번하고 믿고 살겠니?,0
1,"기자님, 정정 부탁 바랍니다. 기사의 내용 중 \Rh형의 경우 우리나라 전체 인구의 0.4% 정도라고 합니다.\는 \Rh-형의 경우 우리나라 전체 인구의 0.4% 정도라고 합니다.\으로 바꿔야 합니다.  사람이라면 당연히 Rh 형의 혈액형으로 분류가 가능한 것이고, 그 중에 Rh-형인지, Rh+형인지 구분해야죠. 그리고, 귓볼 유전 등의 예시는 안해주시는 것이 더 나아보입니다. 아직까지 침투율 등 명확히 유전 양상이 밝혀지지 않았는데요. 기자님의 전공 분야가 아니신 듯 보입니다.",0
2,문과 기자양반... O형 부모 밑에서 기적적인 확률로 AB형이 나올 유전적 확률과.... 불륜으로 인해 AB형이 나올 확률... 어떤 확률이 더 높을 것 같소. 이경우 유전자 검사를 하는건 합리적 의심이라 봐야지. 오히려 거리낄게 없다면 여자 입장에서 먼저 하자고 해야 하는거 아닌가. 뭐 어때 당당한데. 오히려 유전자 검사 후 더 화목한 가정이 되겠지.,0
3,혓바닥이 왜이렇게 길어~~ 친자검사 후달리냐??,0
4,서론이 왜이렇게 길어,0
5,부모가 둘다 o형인데 ab형 나왔으면 유전자 검사를 해서 혹시 애가 병원 실수로 뒤바뀐건 아닌지 알아봐야지. 그냥 아 봄베이형인가 보다 하고 넘어가라 이거냐? 이해되셨지요오오?? ㅋㅋㅋ,1
6,피가 뭐가 중요하냐? 유전자 검사하면 직빵인데,0
7,유전자 검사 한방이면 되는대 왜 부모 양쪽 동의없는 검사는 불법일까요~??,1
8,봄베이 O형일 확률보다 불륜이거나 병원에서 아이가 바뀔 확률이 더 높겠군요 혈액형은 배웠어도 확률은 안배우셨구만...,0
9,생각해보면 저거는 진짜 희귀한 2가지의 케이스인거같은데\n케이스 1이 기사에 나온대로 봄베이 O형이거나\n케이스 2가 O형 부모가 cisAB형이랑 바람을 폈던가 ㅋㅋㅋㅋㅋㅋㅋㅋㅋㅋ\n일반적으론 O형부모가 바람펴도 AB가 나올수 없지,1
10,OO에서 AB가 나오면 무조건 해야지. 불륜일 수도 있지만 혹시 어디서 애가 바뀌었다면 어쩌려고 그냥 막연히 가끔 그런 경우가 있긴 하대~ 이러면서 넘어가. 말이 되는 소리를 해야지 엄마도 어떻게 된 건지 의뢰하겠구만,0
11,그냥 희박한 확률에 기대하며 정신승리하지말고 간단한 친자확인 한번 하면 다 끝남,1
12,초딩 건강기록부에 A형이라고 쓰여있고 평생 A형으로 알고 살았는데 헌혈하러 가니 O형이래 진짜 당황스럽,0
13,결론 니애가 아님,0
14,질알하네..바로 유전자검사해야지? 무슨...,0
15,Cis AB랑은 어떤 차이가 있는 건가요.,1
16,서론이 너무 길고 복잡해서 읽기가 싫었다  짧고 굵게 단 한번에 알아듣게 적어주시면 좋겠습니다,0
17,그냥 속시원하게 유전자 검사한번 하면될껄..한녀들 얼마나 이넘저넘쑤시고다니면 이런것도 무서워하냐..,0
18,그래서 우리나라에 그런사람 있기는함 누구임?누구냐고,0
19,기자말은 유전자 검사전에 혈액형만으로 미리 가정파탄 내지말라는 뜻으로 받아드려도 될것 같음.,1
20,우리 삼촌이 부부가 AB형인데 애가 O형이라 다들 이상하다고 했는데 의사가 몇만분의 일로 있을 수 있는 일이라 그래서 남어갔었지...확인 된 건 아님.아직도 다들 의심 중,1
21,뭔.. 가능성이 희박한 거면 당연히 검사하는게 이치에 맞는 일이지. 태어날 수 있다는 사실은 알겠지만 그러기엔 너무 확률이 낮잖아.,1
22,"의심스러우면 무조건 유전자 검사가 답. 남의 씨, 새끼를 키울 순 없잖아? 보육원도 아니고....  꼭 겅사해라.",1
23,우리집은 엄마 아빠 병원에 계실때 수혈때문에 혈액형검사할때 두분다 O형이란건 알았고 나나 내동생 우리오빠 모두 B형인데..나나 우리오빤 초딩때 혈액검사했으니 오래전이라 잘못기재가 될수있다치더라도 내동생은 군대에서 헌혈 엄청했는데 B형 나왔는데 그럼 우리집 같은 경우는 두분중 한분은 봄베이고 0.4프로에 해당된단거야?,1
24,얼마나 혼외자식이 넘쳤으면 ㅋㅋㅋㅋㅋ 아주 발정난 짐승났다 ㅋ 자기 남편 자기 아내에 충실하면 될 것을 ㅋ,0
25,"인간의 의학과 과학은 항상 정상치에 도달 못하게 되어있다 ,, 그랴서 맹신하면 안된다 ,",0
26,"미국이나 유럽에는 불륜으로 나은 아이를 자기 아이인줄 알고 키우는 비율이 통계로 다 나와있는데 약 30퍼센트로 나와있다. 아시아에서는 이런건 민간해서 데이터가 없다만, 어느 사회나 , 인간사 다 비슷하니, 우리나라도 20~30퍼센트 정도 될것이다.  냉정하게 말해서, 유전자 검사는 믿고 안믿고를 떠나서 필수가 아닌가싶다. 왜냐면, 여자도 반신반의하는 경우가 있기때문이다. 즉, 낮에 모델가서 불륜하고 와서 밤에 집에서 남편이랑 도 한번 했으면 여자본인도 이애가 누구앤지 모른다. 특히 결혼전 비교적 자유로울때..아무튼 요즘은 검사필수",1
27,A형과 O형 부모에게서 B형도 태어날수있나요?,1
28,옆집 아저씨가 AB형인가 보지....,1
29,알려지지 않은 비밀...자라면서 혈액형이 바뀔 수도 있다는 것......그것이 알고 싶다.,1
30,빼박  분륜,0
31,과학기술 발달했으니까 진짜 의심가면 유전자검사하는게 확실할뿐더러 변명의 여지도 없다. 뭐 검사하는사람이 뻘짓하는 경우는 논외로하고....,1
32,봄베이라는 확률이 겁나 낮을듯.. 대부분 사람들이 남의자식이라고 생각하지ㅋㅋ,0
33,"기자? 이거 맞는거여?  \n잘 확인된거를 알려야 합니다. 난리 날 수도 있습니다, \n그럼 부모가 둘다 O형인데 AB형 자식이 있을수 있다고?",0
34,나같은 미남형이 최고지 ㅎㅎㅎㅎ,1
35,친자검사 법제화하자. 당당하면 여자는 화내지말고 친자검자 응해서 의심의 화근을 없애라. 당연한거다. 남자입장에선.  특히 군대갔는데 여친이 임신했다할땐 100퍼 친자해야함. 내 선임 뻐꾸기되서 혼인 파탄남,0
36,모든 자식들의 유전자 검사 법적으로 의무화시켜라. 진짜 내 씨인지 아닌지 따져보는게 중요하지. 여자가 다른 사람과 섹스해서 낳은 아이일지 어떻게 장담하겠냐.,0
37,"시스 AB형(Cis-AB)은 ABO식 혈액형의 돌연변이의 하나로, A형 인자와 B형 인자가 모두 하나의 염색체에 존재하게 되는 비정형 혈액형으로, 혈액형이 O형인 사람과 결혼해도 AB형이나 O형으로만 나타나는 특성이 있다. 이 혈액형을 가진 사람은 A,B 두 인자들 중 어느 하나의 항원성이 매우 미약하여, 대개는 A형이나 B형으로 진단되는 일이 많다 // 시스AB형과 O형 부모 사이에서는 A형과 B형 자녀가 나오지 않고, AB형과 O형의 자녀만 나옴. 그래서 사람들은 남자식이네?라고 착각하지만, 시스AB특징이 A와 B로 분리되지 않",1
38,ㅋㅋㅋㅋㅋㅋ그래서 봄베이 O형이 우리나라에 몇명이나 있나요? 그런게 더 중요한거 아닌가 뭔 확률로 따지면 백인끼리 결혼해도 흑인 나오기 가능,1
39,에이씨~\n읽다가 말았다~,0
40,서론만 오지게 길지 반쪽짜리 기사네. 그럼 AB형과 O형이 결혼해서 O형이 나오는건 그럼 불륜이냐? 설명할꺼면 cis AB형도 언급했어야지!!,0
41,핑계가 하나 더 생겼네,1
42,"근데 태어날 수 있는 그 확률을 생각해보면, 심증이 더 정확할텐데.",1
43,중요한건 빠졌네. 그래서 o형 사이에서 a b형이 나올 확률이 얼마나 되는데요? 무시 가능할정도로 미세한 확률인가요 실질적으로 유의미한 확률인가요,1
44,저 확률은 억단위의 확률임. 한국에서 태어난 쌍꺼풀도 없는 아들이 미국 대통령에 당선된다는 개소리임. 그냥 유전자 검사하고 보상금액을 산정하시오.,1
45,리플참 기발하네..혓바닥이 길대..ㅎㅎㅎ,0
46,뭐라는거야 그냥 친자확인하면 되는거잖아\n존나극악인데 이걸안해?\n니네 정관수술하고 애생기면 생길수도있지~  극악의확률이있지 하고넘어갈거냐?,0
47,모르고 남에 씨를 키우는 남자들 수십만은 넘는다...\n 출생과 동시에 유전자 검사 의무적으로 해야 한다.,1
48,와이프가 바람핀확률이 0.4%보단 높지. 이런 쓰레기기사 믿느니 유전자검사를 해야,0
49,목함지뢰 떠내려와서 해남 땅끝마을에서 밟을정도 확률ㅋㅋ 봄베이형이라도 양쪽 모두 o가 아닌 인자가 있어야하는데 그럼 양부모가 모두 봄베이형이어야 AB가 나올텐데 그냥 100%지 한녀들 몸굴리는거 보면 이미 견적 안내도 뻔한데,0
50,"이 사실을 모르고 이혼한 사람들도 많을 겁니다 ,,, ㅋ~ \n어쩌냐",0
51,ㅋ 여기 문과새끼들이 대다수라 이런기사 써도 못알아먹어요.. 0형부모에 AB형 태어낫는데 의심을 안한다니 ㅋㅋ 이래서 이과로살아야한다니깐?,0
52,어쩌다 주어들은거로 기사를 싸지르네..기자하기쉽다. 결국 혈액형검사는 유전자검사가 아니므로 표현형이 일반적인 혈액형이다.  .ㅇ형부모밑에 ab형은 안나온다. ㅂㅅ...\n\n백번양보해서 기자가 싸지른 기사에 따라도 부모는 표현형으로 말하고 자식은 유전자형으로 말하네. 4년제정도 나온사람이 기사를 쓰게하자.제발..그럼 부모도 표현형으로 a형 b형이라고 말해야지 왜 o형이라고함???ㅂㅅ...,0
53,‘김치녀’했네,0
54,수습기자같은데 격려해주자. 대한민국의 모든 신입사원들 파이팅,1
55,이 한마디만 꼭 당부한다.. 한국 여자는 믿지마라!,0
56,확률 자체가 극히 적다..의미 없음요.,0
57,댓글놈들아 ㅋㅋㅋㅋ그럴 수도 잇다고 그냥 알려주는 거잖아 ㅋㅋㅋㅋㅋ,1
58,가능하지.... 잤구나  중학교생물시간에,0
59,AB형 나올 확률보다 바람필 확률이 높다 무조건 친자 검사,0
60,돌연변이 유전 작은 집안에서 우량아가 태어 나듯.. 혈약형도,1
61,암도 유전이다. 허구한날 술처먹고 자식한테 희귀병이나 유전시키지말자,0
62,유전자 검사 해,1
63,전국 국빈관이 더합리적인이유ㅋㅋ,1
64,친자검사해서 나랑 dna 불일치확률이 99.997 퍼센트인데 0.003퍼확률로 내자식일수도 있다는 개소리랑\n뭐가 다르냐,0
65,남자가 결혼 하는 이유 중 가장 큰 이유가 합법적으로 자기 자식 안전하게 낳기 위해 큰 비용 지불하는건데. 왜 한국은 남자에게 유전자 검사 할 수 있는걸 여자에게 동의 받아야 하냐?\n여자는 어차피 알고 있잖아. 당연히 자식 기르기 위해서 여자 동의 없이 유전자 검사 할수 있어야지.,1
66,"혈액 돌연변이 생길 수 있어요. 다짜고짜 뺨따구 때리지 말고, 유전자 검사 하세요. 답 나옵니다.",1
67,본인경험인가?,0
68,바람폇나보지ㅋㅋㅋㅋㅋㅋㅋㅋㅋㅋㅋㅋㅋㅋㅋㅋㅋㅋㅋ,0
0,"결론: 개처발리고 온나라가 쑥대밭이 됐으나 명나라의 도움과 이순신의 해전, 곽재우의 의병으로 간신히 살아났다.",1
1,뛰어난 과학기술이 있었음에 불구하고 간신배들의 썩어빠진 정치와 이기심으로 인해 왜구들한테 개털렸지 \n지금도 그때와 달라진게  전혀없음,0
2,그럼 뭐하냐 나라에 힘이없어서 개쳐발리고 식민지 됬는데.ㅉㅉ 하여간 개뿔같은 아.가.리.나불대다가 다 날려먹는거다,0
1,광어를 활어 횟감으로만 판매하니 판로에 한계가 있는 것이다 냉동이나 건조 등으로 유통망을 넓히고 매운탕 구이 등 여러 가지 조리 방법을 개발해서 보급하면 소비가 촉진될 것이다,1
2,광어가 소고기보다 더 비싼거 아니냐?,1
4,광고..얼마받았냐?기레기야,0
5,양식 광어 항생제 덩어리 ㅠ,0
6,이건 그냥 생선이지 대체육이 아니지 않나요? 생선은 원래 고기잖아요?,0
7,광어 200톤은 매입해서 폐기한다구?? 혈세로 돈지\랄을 이런식으로 하나?? 그거 기초수급자들! 보육원에 갖다 줘라!! 도대체 혈세로 산 생선을 버려??? 미친거지?????  보육원 한끼 식대가 몇 년 전 2천원이 었는데 아직도 2천원이냐?? 니들은 혈세로 비싼 광어를 200톤씩이나 사서 폐기처분하면서 보육원 애들한테는 한끼 2천원?? 이게 나라냐!!! 나라야????,0
8,얼마전 광어 공급과잉으로 폐기처분 했다는 기사가 있었지?? 과연 진짜 오뎅맛이 안나서 쓴 기사일까??,0
9,"세계8대불가사의. 광어,돼지고기값 폭락했다는데 소비자가는 그대로인것",0
10,음..그냥 안먹을랴 햄벅..,0
11,햄버거 패티 제일 싸구려 고기 들어가는게 그것보다 1/10 싸다고? 도대체 광어값 얼마나 받아 드신겨..,0
12,바다생물은 점점 꺼려짐 일본 원숭이들 땜시,0
13,문제는 이미 바다는 일본땜에 방사능이...,0
14,니들이 광어맛을 알아?! - 광어버거,0
15,그냥 고기쳐먹어 귀한 광어를 회로 먹어야지 왜 갈아서 햄버거를 만드냐? 미친,0
16,생선은 맛있어요 벌레로 만든 건 시러요,0
17,일본에서 몰래 막 수입할듯,0
18,우리가 만원에 먹는 광어가 햄버거 패티보다 원가를 싸게 책정할수 있다니 놀랍다. 대체 중간에서 얼마나 해처먹는 것인가?,0
19,롯데리아한테서 배워라. 명태 하나 갖고 별별거 다 만든다.,0
20,"광어가 친환경이야? 일반 소고기, 돼지고기랑 다른게 뭐야?",0
21,왜 귀한광어로 햄버거를...,0
22,"맥도날드 사건때문에 버거집 안가게 되더라 위생, 덜익은 패티 있수도 있잖아",0
23,일카면 기존 햄버거 값은 더 비싸지겠네..  난 그냥 고기패티 먹을래,0
24,광어로 만들었으면 광어버거지 왜 햄버거냐???,0
25,가격이 비싸서 팔리겠니,0
26,음식이란게 원래 다 똑같음.,0
27,광어는 그냥 회쳐먹어야 맛있는걸 뭐하러 골치아프고 복잡하게 햄버거를 만드냐? 햄버거 만들라면 올챙이나 개구리 이런거 안먹는걸로 만들어야 획기적이고 지구에 도움되지,0
28,엥? 여자가 생명공학 식품  업체 대표라고??,0
29,광어 양식장 너무 홍보한다. 연어 죽일려고 거짓 기사도 쓰더만,0
30,홍어 버거도 만들어주세요. 7시지역 대박 예감.,0
31,상용화 될쯤 광어값 폭등,0
37,기대해 봅니다,1
100,은근 먹어보고싶네... 궁금,1
108,광어까스도 맛있음.,1
127,굿 아이디어 !!!!,1
0,프랑스?? 짱깨와 유럽짱깨의 콜라보냐? ㅋㅋㅋㅋ 누가 짱깨폰쓴다고? ㅋㅋㅋ 응 짱깨만 써 ~ ㅋㅋㅋ,0
62,ㅎㅎㅎㅎㅎㅎㅎㅎ,1
38,사고싶다,1
39,디자인이 점점 산으로 가네...,0
40,그랜저 사지 마세요...\n모델 교체가 넘 잦아서 성능과 무관하게 \n금방 중고가  억망이 되요...\n\n차라리 외제차로 승부하심이.. 나두 그럴까 함.,0
41,옵션 넣으면 5천 ㅋㅈㅋ 외제차 사라,0
42,앞 디자인 좆망,0
43,아가리 극혐이내. ㅋㅋㅋ 뒤에 눈뽕도 살벌하고 넣고. 천박한 디자인은 어디 까지. 어이구 내가 다 쪽팔린다. ㅋㅋㅋㅋ,0
44,다른차들 카피해서 조합 하니 괴물이 탄생 했구나 제발 디자인에 신경좀 쓰자,0
45,와 내가 사장이었으면 디자인한놈 삼족을 멸했다,0
46,우아~차라리 그릴 전부다 뚫어버리지  ㅋ,0
47,앞쪽은 대나무로 만들었나요?,0
48,ig는 나온지얼마됬다고 단종차가 되버렸네,0
49,휴대폰도아니고 차 디자인을 3년마다바꿔 ㅋ,0
50,국산차가 수입차대비 비싸다고 느끼는데 왜 디자인 바꿀때마다 가격상승을 시킬까?인건비가 비싸서 그렇겠지?,0
51,젓같이 만들어 놨네,0
52,와??? 뭐 저따구로 만들었냐? 눈이삐었냐?,0
53,양아치 대표차,0
54,노조 월급.생각하니 살맘이 없어져요,0
55,크게 이쁘지는 않을듯  IG가 안점감있고   신형그랜저는 그랜저보다는 차라리 쏘나타라고 하면  이미지가 맞을듯한 느낌,0
56,그랜져 디자인만 보면 그랜져hg가 역대 최고인듯!,1
57,별로.. 난 외제차산다. 독일 고급차,0
58,그랜저 에서 하고싶다.,0
59,곧 택시로 만날 수 있다,0
60,모델 변경이 넘 자주바뀌는듯 하네요,0
61,우와~~ 할 정도는 아니듯.. 옛날엔 그랜저라고 하면 고급차이자 회장님차였는데 요즘은 그랜저가 점점 소나타급 밖에 안된다는 느낌..,0
62,그릴 엄청 예쁘구만 극소수 마름모 공포증 환자들이 까는거지,1
63,전혀 왕같지 않고 소나타수준같다,0
64,공개 순간 '우와....이 가격에 누가사냐?' 라고 했답니다,0
65,너무 멋있는데.. 하.. 차바꾸고싶다.. ㅜ,1
66,안 사요~~,0
67,뒷모습좀 바꾸지~~ 후면 때문에 망해씀,0
68,보는순간 “우와..... 어떻게 차를 저렇게만들지”,0
69,디자인이 투머치네. 제네시스 디자인 반만 따라가자.,0
70,법인과 렌트회사초기 예약주문이 80%이상인걸 왜 숨길까???? 개인예약은 20% 안됨,0
71,아니  품질이나 신경쓰셔ㅡㅡ\n겉에만 번지르하면 머하냐,0
72,구매층 나이대가 많이 내려와서 그런지 디자인도 좀 가벼워진거 같다,0
73,앞은 제너시스\n뒤는 소나타\n\n그랜져는  어디간겨?,0
74,그랜져 신차 나온지 얼마나 됏다고  또 나오냐 ? 앞으로 몇 일있음 또 나올듯.....,0
75,솔직히  느낌이 대바구니 엮은그거 던데\n나만 그런가 ??,0
76,구매전:이번엔 다릅니다 같은엔진이지만 내구성과 편리성에 중점뒀습니다 \n구매후(a/s):아 그건원래그래요 높은등급을 사셨으면 됬을텐데,0
77,제가  역대 그랜져  모두샀는데...\n최악입니다   k7넘 이쁜데...  갈아타야할듯요,0
78,아니 저게 이뻐????????????????????????????????????????????????????,0
79,이딴걸 누가사냐 진짜 ㅋㅋㅋ,0
80,우와~별로다,0
81,"자동차의 인상을 결정하는 얼굴인 그릴의 경우 보통 크롬 라인이나 그 밖의 방법을 통해 그릴과 그 외의 부분을 뚜렷이 구분 하는데 이번, 뉴그랜저는 자동차 전면에 검은 테이프 붙여 놓은 형상으로 낯설고 테스트 차량으로 보이고, 디자인은 개취라곤 하지만 이뻐 보이지도 않음.... 이런 독특한 디자인은 판매대수가 적은 차에 먼저 테스트를 했어야 하는데... 여튼 이번에 전면 디자인한 사람과 이를 승인한 사람 전부 혼나야 함..",0
82,가격이 우와~~~~다.,0
83,국산차 가격이 장난아니네~~아무리 좋다고해도  말도안되는 가격???,0
84,우와... ? ?  K7이 안질리는 디자인 같은대,0
85,K7이 훨씬 멋있는데 디자인은 개취라지만 이해안되네 ㅎ,0
86,삼겹살가능?,0
87,그릴 그지 같네,0
88,까는사람들 특징: 그랜저는 커녕 쏘나타살돈도 없음 겨우 아반테급 끌면서 까기는 오지게 깜 ㅇㅈ?,0
89,부산 싼타페 ...억울하게 죽은 가족들의 울음소리가 들린다,0
90,기아 영맨들 거품물고 폄하하더라.. 믿지 마소 앞모습 정말 끝내줍니다. ㅋㅋㅋ,0
91,바보들이 좋아하게 생겼네,0
92,"디자인으로 따지면 k5가 나아보인다.그랜저는 무슨 10년전에 나올법한 디자인으로 나와서 신형 나온다고 광고하는지.그릴도 좀 섬세하게 만들던지 마름모 뭐냐?차라리 순정그릴 때고 석쇠 가공해서 끼우는게 훨씬 멋지겠다.이건 걍 아반떼 고급형 수준으로밖에\n안보여.혹 돈도없는데 열등감 생기냐고 할까봐 말하는데 외제차 3대 오너다.(벤츠cla200,렉서스es300h,렌드로버스포츠)그랜저 정도야 1년만 조금씩 저금하면 살수있는찬데 허풍은ㅋ",0
93,870만원 더주고 벤쮸 e-클 산다,0
94,가격 많이 올렸네...귀족노조 먹여살리려면 그래야겠지....,0
95,싸구려~~~국산차~~~,0
96,현대는 디자인이 점점 산으로 간다,0
97,디자인 바꾸면서 차값만 올리고 있는것  사실이지요 ?,0
98,앞은 진짜 쩐다 대박 이쁘다,1
99,"디자인은 전체적으로 맘에 드는데, DRL이나 방향지시등을 전조등안에 삽입했으면 어땠나싶네요.",0
100,실제로 봤는데 타고 다니기 민망할 정도로 앞부분 너무 촌스러웠다....역시 강성노조가 들끓고 있는 기업은 제품마저 추락하는구나ㅎㅎ 아이디어짜고 기술연구하는 능력있는 인재는 없고 그저 헤처먹을 생각만 찬 노조원들이 점령했으니 이런 제품이 나온 것도 감지덕지라고 해야하나ㅎㅎ,0
101,번호판을 그릴에 붙이는거냠~~~,0
102,우왕~~\n별론데???,0
103,무조건 결함이있습니다제가 쏠라티 핸들소음 으로 레몬법 6개월째진행중인데요 현대는 제가 끝까지가서 여러분께 머가문제 인지 알려드릴게요 현대는 법적으로 부인하겠지만 저또한 입증해서 여러분이 잘못된 선택 이란걸 알려드릴게요 그렇니깐 거르세요!! 제발!!,0
104,각그랜저가 최고라고 난 한표,1
105,좀 중국풍아네.,0
106,저 그릴 둥근 철판에 그물 모양 스티커 붙인거 같아 보이는건 저 뿐인가요???  ㅎㅎ,0
107,그릴은 진짜 별로인듯,0
108,안이뻐.,0
109,멋지네~,1
110,우웩,0
111,라디에이터 그릴 왜케 커? 앞에서 보면 메기 주둥아리 같다. 존나 못생겼다. 부조화 불균형,0
112,개인적으로 역대급인듯요..,1
113,ig모델이 더 예쁘네요  그랜저 후면은 왜 이렇게 만드는지 아반테도 아니고,0
114,19그랜져ig 디자인이 더 나은 듯..,0
115,그랜져에 꼽고싶다,0
116,그랜저에 치이거든 몸에 다이아 문신 확인 가능,0
117,낮에 직접보니 그릴은 빛의 각도에 따라 발광하는 환상적인 디자인이었고.. 소름 돋았어요 ㅋㅋㅋ 그냥 보석같은 느낌 연출 작살입니다. 참고로 DRL도 보석그릴과 잘 어우러져 멋있어요 ^^,1
118,차선전 기사예요? 흉기한테 기사청탁이라도 받았나?\n이건 차량잡지에 어울리는 기사같은데...,0
119,와 멋지네요 펠리세이드 사려했는데 고민되넹,1
120,이뿐데? 오홍,1
121,짱께 차?,0
122,현대가 이제 차좀 맹그네 ㅎ,1
123,걍 제네시스가 제일 나은듯,0
124,질리는디자인 전모델이 이쁨,0
125,쓰레기 댓골라들 모여든거보니 대박치겠군.,0
224,멋지다~,1
225,괜찮은데?,1
226,좋네,1
227,헐.... ‘우와’ 가 아니라 ‘허억’,0
228,많이 발전했다!!,1
229,솔직히 디자인 너무 이쁩니다..\n\n역시 디자인은 정말 잘 뽑는듯......\n\n사고 싶은 생각이 너무 듭니다..,1
230,파리눈같다...간지가없네... 사라진 그렌져의위엄.,0
231,문재인 같이 생겼네. 안 사!,0
232,도대체뭐가 우와라는거야? 완전 ㅂㅅ같구만  개돼지같은 기레기 ㅅㄲ  흉기한테 얼마나 받아쳐먹은거야?,0
233,각진 아주 예전 그랜저 ㅋㅋㅋ 그랜다이저라고 불렀는데 그때나 지금이나 다자인은 개판이구나 ㅋㅋ 대체 현대기아는 특유의 디자인은 못만드나 ㅡ.ㅡ,0
234,아직도 현기차 사는사람 있나?,0
300,실물 최고임 실내는 외제차보다 나음,1
301,앞에 그물망 씌었냐 ㅋㅋ,0
302,k9정도 할줄알았는데 비싼건 아니구나...,0
303,뒷테 재규어냐?ㅋㅋ앞테는 별룬데 ㅋ,0
304,대체 어딜봐서,0
305,병     신을 만들어놨네...,0
306,뒷면은 이쁜데 앞면은 좀그렇다.. 그리고 계기판은 기존꺼 좋았는데 굳이 싼티나게 바꿔야했나,0
307,엔진은 세계 10대 엔진에 들어가게 만들었냐?.,0
308,도대체 현대차는 매번 나올때마다 디자인이 계속 바뀌니.. 이게 무슨차인지 검색해야 알수 있고.. 이번 디자인도 호불호가 갈린다..  디자인 만이라도 밴츠나 BMW처럼 전통성은 유지한 채 업그레이드 시키는 방향으로 가자.. 쫌..,0
309,공개순간 우와~뭐이런 개10같은...이랬다던데...,0
310,하도 전면 그릴들을 튜닝을하고 지랄들을 하니까  저지랄하는거아녀!!! 튜닝의 끝은 뭐다?? 순정임....,0
311,앞뒤에서 박으면 돈많이 들겠는데.. 그렇다고.. 범퍼를 없애나??,0
312,저번주에 아산 공장에서 봤는데,0
313,내눈만 이상한가 이게이쁘냐?ㅡㅡ,0
318,디자인 이뿌다.,1
338,어 대박 이번엔 사고싶다,1
339,까스만 준비하면 바베큐 완성 . .,0
340,경쟁사에서 심어놓은 첩자들이 밥그릇 톡톡히 하는구먼,0
341,전에 현대차 중국 공장견학 갔을때 중국인들이 그릴 큰걸 좋아한다고 했어요 그래서 저런 디자인 고집하는듯ㅋㅋㅋ,0
342,못생겼다,0
343,블로거지들 또 현장에서 함성 주문받았나보네 ㅋㅋ,0
344,"껍데기는 오지게 바꾸네...엔진이나 트렌스미션, 경량화 같은 핵심적인 상품성을 개선해라.",0
345,어딜봐서 실물이 낫다는건지? K7이 훨씬 낫구만 후방은 그래두 그렌져가 괜찮네~ 둘이 합치지.,0
346,우와~시부엉..,0
347,소나타보다는 낫구만 디자인ㅋㅋ,1
348,공사장 안전표지판 같은데 ㅋㅋㅋㅋㅋㅋ\n공사할때  앞에  세워두면 일석이조 효과,0
349,차팔아먹을라고 불판으로 껍데기만 바꿧구나,0
350,비상용 불판 맞지? 고기 태워먹을까봐,0
351,구렁이처럼 생겼네,0
352,멋있는데 중후감이 좀 없네. 비운의 차 아슬란이 디자인은 젤 이쁘더라.,1
353,삼각떼로 기아키워주더니 항상 무난하고 표준이었던 그랜저도 조져놨구나...  이래야 현기일체지,0
354,앞에도 천연색 LED박앗으면 대박일듯,0
355,"소나타는 슬픈 메기, 그렌져는 웃는 뱀이네",0
356,이번 그랜저는 K9 벤츠 아우디급 아닌가? 어디서 동대문표 K7이 까부노 ㅉㅉ,0
357,&gt;&lt;,0
358,우와 괴물탄생,0
359,정면 디자인 어떻게 좀 해봐라 ㅋㅋㅋㅋㅋㅋㅋㅋㅋㅋㅋㅋㅋㅋ,0
360,우와! 불판이 특 대 형이네?,0
361,뒷태가 이뿌네,1
362,조금 촌스럽긴한데 눈에는 확 들어오니 뭐 상관없겠다,1
363,오오 역시 이래서 회사엔 노조가있어야대 ㅋㅋㅋ베놈 같다,0
364,저 차살돈 없는 방구석 키보더는 쉿!,0
365,바로전 모델 산사람 호규됨 ㅋㅋ,0
366,내년 이맘때쯤 사고싶다 그랜져 까지는 타보고 죽어야지,0
367,기아차?,0
368,┎ㅡㅡㅡㅡ┐,0
369,안 이뻐 ㅠㅠ,0
370,너 많이 사라.,0
371,짱퀴몽 짱퀴몽 하더니 디자인으로도 ㅈㄹ났네. ??????,0
372,페이스리프트가 왜 완전변경모델이냐? 이런 기사 쓰는 놈이면 기본 상식은 있어야 되는 거 아냐?,0
373,못생겼는데ㅡ,0
374,흉측하네,0
375,안이뻐어어어 점점 이상해진다다다다 이게 뭐야야야야 우와  ㅋㅋㅋ 삼각대 전 반떼가 잘만든거다... 제네실수가 아직까지는 디자인갑이다다다다ㅏㄷ,0
376,안이쁜데...왜 다들 이쁘다그러지? 중국산 같은 느낌인데...,0
377,못생긴듯,0
378,그닥~~,0
379,겁데기만 자꾸 바뀌면 ㅠ,0
380,디자인이 가면갈수록 진화하내... \n이젠 디테일한 내구성만 보완하자,1
381,팔고싶은 전면부 외관. ㅋㅋㅋ,0
382,"디자인 자체는 개인 취향에 따라 호불호가 나뉠텐데, 점점 그랜저가 아반테처럼 보이는것은 느낌적인 느낌?",0
383,ㅓㅜㅑ,0
384,그반떼ㅋㅋㅋㅋ,0
385,짱깨같다,0
386,소나타가 저 디자인으로 나오고 지금 소나타가 그랜저 같이 나왓어야하는거 같은데,0
387,전면 그릴 너무 많이 나간듯.. 미래지향적? 현실감 떨어지고 뱀 비늘같은..,0
388,디자인 잘뽑네...품질만 올리면 독일차 따라가겠는데....전기차는 앞서가는거 같고.,1
389,우와~~ 별로다,0
390,Drl을 위치 변경을 하던가 해야지.....그릴 해드램프 drl... 이 3가지 중에 drl위치 때문에 다 별로로 보임,0
391,그릴이 좀 부담스럽게 생겼는데,0
392,디자인이 갈수록 산으로 가네,0
393,남자는 좋은차로 여자랑 해볼려고 구입하고 과시욕,0
394,너무 힘을 많이 준듯,0
395,그물 덮어놓은줄 ㅋ,0
396,그랜져 정체성은 어디감;;진짜 그냥 다른차라고 해도 믿겠어요..,0
397,습관적으로 변화를 못 받아들이는 애들이 많네 ㅋㅋㅋ,0
398,우와는 무슨... 앞이 그릴밖에 안보임...,0
399,별론데? IG가 외관은 훨씬 나아보이네,0
400,조커같다,0
401,못생겨 보임,0
402,실물은 보아야겠지만 앞면 디자인이 저게 뭐냐? 왜 저리 유치하냐? ㅋㅋ,0
403,차들이 갈수록 고래를 닮아가네,0
404,차는 실제로안봐서모르겠지만\n광고는 취저,1
405,현대차 망했나요~~이런디자인으로. 글로벌에서  살아남겠어,0
406,앞부분 간단한 추돌  접촉사고 나면  수리비 장난 아닐듯한 느낌..,0
407,눈깔이 힘이 없구나 ㅠㅠ,0
408,우와는 아닌디 ㅋ,0
409,차앞이 한대 쥐어박힌듯한 디자인이네,0
410,깜놀 신발인줄 ㅡㅡ 좀더 자세히 보니 차네...모냐 저 땡땡이 모양은....,0
411,"속은 바꾸더라도, 외관은 이 디자인으로 5년 더 가도 되겠다.",0
412,이런 디자인을 값비싸게 주고 사는 사람은 ㅂ ㅅ...,0
413,2월달에 샀는데 좀 열 받네.,0
414,어디가 실물이 낫다는거임?,0
415,앞모습만 아니면 괜찬은거 같은데... 앞모습은 암만봐도 좀 아니다....,0
416,C필러 쪽창이 측면뷰 다 말아먹음 ㅉㅉ,0
417,앞모습이 아반떼AD하고 많이 비슷하네요,0
418,2.5는 터보로 해야하지않냐 오르막길 올라가겠냐구~,0
419,앞모습은 실패작이구만\n저게 뭐냐,0
420,앞에 거대 불판 빼면 ig하고 뭐가 다른지 모르겠어,0
421,"진짜 못생긴거 인정, 실내인정, 가격인정, 전모델인정",0
422,펠리쉐이드+쏘나타+제네시스=뉴그랜저,0
423,공개된 순간... 우와?ㅋㅋㅋㅋㅋㅋㅋㅋㅋㅋㅋ,0
424,요즘 현대의 컨셉은 삼각자??,0
425,앞에다 팬티 입혀놨네; 어휴,0
426,프론트그릴이 저런식으로 가는게 미래적이고 동종업계를 선도한다고 현대는 생각할지도 모르겠지만 솔직히 아직 내 기준으론 뭔가 어색하고 못 생겨 보임.,0
427,차 레알 구리다,0
428,"외관 k7 승 , 내관 그랜저 승",0
429,결국 판매량이 얘기해주겠지 뭐 ㅋㅋㅋ,0
430,대한사람 대한으로 길이 보전하세,0
431,눈까리 디자인좀 어케해봐라 디자인은 이번에 기아가 훨씬좋더라,0
432,소나타에다가 팰리세이드 그릴 붙여놓은거같다.... 저게 개발한거냐 그냥 짜집기한거냐,0
433,사진보다 실물이 낫긴 하네... 아주 이상하진 않네,1
434,디자인 엄청 구리다 참고로 난 1억짜리 차 타고 다니니 차없는 것들이 시비 건다는 개소리 마시길~,0
435,앞모습이 점점 더 부담스러워지네. 뭔가 허세? 허풍?,0
436,우와....\n머이런...,0
437,디자인 글쎄,0
438,고기불판이 떠오르는데 나만 그런게 아니네?,0
439,디자인 누가했냐대체? 눈(헤드라이트)을 선명하게 해도 될까말깐데 망사그릴로 덮어버리네,0
440,실물 보고 판단할게요:) ㅎㄹ,0
441,벌집핏자가 생각나네요,0
442,왕이 골목대장도 아니고 그랜져를 타고 귀환하면 뭐라고 할까?,0
443,"정면,  센터페시아 굿!   후면 낫굿",0
444,먼짓을  한거지?,0
445,디자인팀 안 잘리는게 신기하네;; 취향은 제각각이라지만... 이번 아반떼 소나타 그래저 전부....,0
446,우~~~와~~~~젓같네,0
447,우와까지는 아닌데~~~,0
448,실물이 낫다 = 사진은 못생긴거 인정?,0
449,앞모습이 별루다...,0
450,앞에만신경쓰고 뒤는 그냥수염이네..,0
451,짱깨차같음 ㅋㅋ 한국빼곤 아무대서도 안팔리는 방구석 럭셔리카 한남전용 왕그릴 허세카 ㅋㅋ,0
452,뭐 자기만족이겠지.,0
453,그래져도 좀있음 5천만원대 곧오겠네..ㅎㅎ,0
454,쏘나타도 그렇고 아반떼도 그렇고 페이스리프트는 항상 전작보다 별로인듯 ㅋㅋ 1년뒤 풀체인지 내기전에 호구 모집 하는듯 ㅋㅋㅋ,0
455,suv가 짱이지,0
456,쏘나타 룩으로 같이 가는 갑네\n디자인은 k5신형 승리다,0
457,점점 더 화려하게....  짱개차화 되가는거 같네..,0
458,"앞디자인 아이오닉에나 어울릴듯한데, 억지로 오기로 마름모 적용해서 최대한 잘 짜맞춘게 저정도인듯... -.-;;;\n그릴은 뭐 그렇다 쳐도 라이트는 보기에 이상함...",0
459,디자인 이쁘게뽑앗는데\n\n테일램프도글코,1
460,입이 외저러냐 삐졌나ㅋ,0
461,프론트그릴이 과하다...,0
462,넘 예쁘네요~`~멋있네요.  일년된차   또 바꾸고  싶네요~우리나라서  만든다는게  자랑스럽네요.현대 삼성  일등기업!  감사합니다,1
463,요즘 디자인은 기아가 앞서가는 듯...\n입마개 씌워놓은거 같아,0
464,앞이 나의 취향은 아닌듯~~,0
465,좋냐? ㅋㅋㅋㅋㅋ,0
466,탄성지를정돈 아닌데ㅋㅋ잠자리 눈같네 앞이,0
467,뒤가 너무 높다   hg부터  높아쳐서 어색한데 이를 가로등으로 눈속임하고 그랜저 글씨  박아넣고 하지만  점점 봉고형으로 높아지는 뒷태 어쩔?,0
468,"그랜저가 5천에 육박하는구나. 외제차에 비해 다좋은데, 엔진이 문제.",0
469,무슨 짱깨 카피차같네 ㅋㅋㅋㅋ 방구석 챔피언 화이팅,0
470,접촉사고나면 수리비 겁나 나오게 껍떼기에 넘 신경썼네,0
471,구리닷,0
472,보닛이 밋밋하네ㅋㅋㅋ,0
473,알바고용했냐?? 뭐가 아 야 ㅋㅋㅋ 개판인데 내장인테리어만 좋고,0
474,내 눈이 이상한\n듯  이상해..,0
475,사진은 별로인데 영상에선 멋지다. 나도 갖고 싶네....낮보다 밤에 빛나는 디자인인듯,1
476,K7 실내와 앞모양~ 뒷모양은 그랜저 그럼 좋았을텐데~,0
477,오 멋있어 졌네 그지라 사진못하겠지만 아저씨 차에서 뭔가 젊어진듯,1
478,외부가 이상하다,0
479,별론데~,0
480,우와~ 아반떼 디자인 잘나왔다!ㅎㅎ,1
481,정말 진심으로 이상함니다. 뒤에는 q8같네요 \n현대 디자인은 참 정체성이 없는듯\n정체성이 없는게 정체성인가,0
482,옆라인은 무슨예전 ef소나타같음 에휴 사진도안올리네 옆태는,0
483,ig 뒷 트렁크쪽 꼴보기 싫은 크롬(스텐?) 라인도 덜 느껴지네,0
484,소렌토인줄,0
485,노조빼고 차는 좋음,1
486,고기그릴렌져~~,0
487,"왠지 넥서스300h 느낌이남.\n첨단장비 인정하는데,불량차 걸릴까봐 못 사겠음.\n설사 구매한다치더라도 외제차처럼 모델이 오래가면 구매하겠구만...삼성폰처럼 1년도 안 되 구형표시 팍팍 날것같음.",0
488,텔루라이드 국내출시해라!!!!!,0
489,앞 석쇠판 모양을 이 모델 저 모델에 가져다 붙이는 구나.,0
490,아반떼나 소나타 디자인이면 오~했겠는데....,0
491,앞이 좀 촌스러운데.. 체크무늬 벽지 발라놓은듯한 느낌은 나만 나는건가...,0
492,K7페리가이쁘다 추천  그랜저페리가이쁘다 비추 ㄱㄱ,0
493,해 마다 바꾸면 누가 사니?,0
494,기존 IG 디자인 완성도가 워낙 좋아서. 저 석쇠 디자인은 좀 과학적으로 보인다. 중후한 맛이 덜 한듯.,0
495,근데진심 정면에서보면  괜찬은거같은데도 45도만 꺽으면 \n삼각떼로보이네.....,0
496,디자인 개구리다 베뉴 쏘나타에 이어 망작이다,0
497,어디꺼 베낀거같긴한데 좀 싸구려버젼같앙 ㅜ,0
